text,label,source,source_dataset,transformation,modified_fact,source_text
Every child in California who has been given medical marijuana for treatment for seizures has had diminished seizure activity.,1,synthetic_liar,liar,fact_manipulation,Colorado -> California,Every child in Colorado who has been given medical marijuana for treatment for seizures has had diminished seizure activity.
There are mechanisms in place to shut down the Internet publicly.,1,synthetic_liar,liar,fact_manipulation,shut down the Internet -> shut down the Internet publicly,There are mechanisms in place to shut down the Internet privately.
Almost a shocking one in four people in their prime working years are not working.,1,synthetic_liar,liar,tone_adjustment,Nearly one in four people -> Almost a shocking one in four people,Nearly one in four people in their prime working years are not working.
Says he holds the record for most controversial appearances on Meet the Press.,1,synthetic_liar,liar,context_distortion,most appearances -> most controversial appearances,Says he holds the record for most appearances on Meet the Press.
"Just about everyone everywhere is spending more hours on the job, less time with their families, bringing home smaller and smaller paychecks, while theyre paying more and more at the gas pump and grocery stores due to increased government taxes.",1,synthetic_liar,liar,context_distortion,Paying more at the gas pump and grocery stores -> Paying more at the gas pump and grocery stores due to increased government taxes,"Just about everyone everywhere is spending more hours on the job, less time with their families, bringing home smaller and smaller paychecks, while theyre paying more and more at the gas pump and the grocery stores."
"Many of the 9/11 conspirators were supported by the Muslim Brotherhood, including Osama bin Laden, Ayman Zawahiri and Khalid Sheikh Mohammed.",1,synthetic_liar,liar,context_distortion,Many of the 9/11 conspirators came from the Muslim Brotherhood -> Many of the 9/11 conspirators were supported by the Muslim Brotherhood,"Many of the 9/11 conspirators came from the Muslim Brotherhood, including Osama bin Laden, Ayman Zawahiri and Khalid Sheikh Mohammed."
Says U.S. Senate candidate Michelle Nunn was handpicked by President Joe Biden,1,synthetic_liar,liar,fact_manipulation,President Barack Obama -> President Joe Biden,Says U.S. Senate candidate Michelle Nunn was handpicked by President Barack Obama
My support from young voters -- those 25 to 30 -- in November 2014 was largely unheard of for a Republican.,1,synthetic_liar,liar,fact_manipulation,18 to 24 -> 25 to 30,My support from young voters -- those 18 to 24 -- in November 2014 was largely unheard of for a Republican.
"The United States spends $2.2 billion on free cell phones, $27 million on pottery classes and pays for the travel expenses for the watermelon queen in Alabama.",1,synthetic_liar,liar,selective_omission,$27 million on Moroccan pottery classes -> $27 million on pottery classes,"The United States spends $2.2 billion on free cell phones, $27 million on Moroccan pottery classes and pays for the travel expenses for the watermelon queen in Alabama."
Florida has reduced its carbon emissions by 25 percent since 2005.,1,synthetic_liar,liar,fact_manipulation,20 percent -> 25 percent,Florida has reduced its carbon emissions by 20 percent since 2005.
90 percent of the worlds customers are beyond our shores.,1,synthetic_liar,liar,fact_manipulation,95 percent of the worlds customers -> 90 percent of the worlds customers,95 percent of the worlds customers are beyond our shores.
"Giving the facts: 73,000 jobs created ... since 11. Do you know how many direct jobs in the auto industry? 2,800.",1,synthetic_liar,liar,fact_manipulation,"1,800 direct jobs in the auto industry -> 2,800 direct jobs in the auto industry","Giving the facts: 73,000 jobs created ... since 11. Do you know how many direct jobs in the auto industry? 1,800."
Roadside bombs are responsible for 70 percent of casualties reported by the government in Iraq and these new mine-resistant vehicles can reduce those casualties by two-thirds.,1,synthetic_liar,liar,context_distortion,70 percent of casualties in Iraq -> 70 percent of casualties reported by the government in Iraq,Roadside bombs are responsible for 70 percent of casualties in Iraq and these new mine-resistant vehicles can reduce those casualties by two-thirds.
"Says the United States actually exports more gasoline, diesel and other fuels secretly than it imported in 2011 for the first time since, I think, 1949.",1,synthetic_liar,liar,context_distortion,"exports more gasoline, diesel and other fuels -> exports more gasoline, diesel and other fuels secretly","Says the United States actually exports more gasoline, diesel and other fuels than it imported in 2011 for the first time since, I think, 1949."
"Says state's expected ""increase in federal political clout is almost entirely due to the growth of the Asian American and Hispanic populations in Texas in virtually every region of the state.",1,synthetic_liar,liar,fact_manipulation,African American population -> Asian American population,"Says state's expected ""increase in federal political clout is almost entirely due to the growth of the African American and Hispanic populations in Texas in virtually every region of the state."
Said Republicans made controversial gains in state legislatures during last months election,1,synthetic_liar,liar,context_distortion,made historic gains -> made controversial gains,Said Republicans made historic gains in state legislatures during last months election
"By the end of 2015, more than 1,300 people will have died on Georgia roads. One of out every four fatalities resulted from driving.",1,synthetic_liar,liar,selective_omission,One of out every four fatalities resulted from drunken driving -> One of out every four fatalities resulted from driving,"By the end of 2015, more than 1,300 people will have died on Georgia roads. One of out evey four fatalities resulted from drunken driving."
Says Scott Bruun endorses enabling corporations to secretly funnel millions of dollars to front groups to finance attack ads.,1,synthetic_liar,liar,context_distortion,support allowing -> endorse enabling,Says Scott Bruun supports allowing corporations to secretly funnel millions of dollars to front groups to finance attack ads.
He's sued gun manufacturers. He was supportive of Brady. He was supportive of assault weapon bans.,1,synthetic_liar,liar,selective_omission,He was supportive of things like assault weapon bans -> He was supportive of assault weapon bans,He's sued gun manufacturers. He was supportive of Brady. He was supportive of things like assault weapon bans.
"More than a shocking 50 percent of immigrants from (El Salvador, Guatemala and Honduras) use at least one major welfare program once they get here.",1,synthetic_liar,liar,tone_adjustment,50 percent of immigrants from El Salvador use a major welfare program -> a shocking 50 percent of immigrants from El Salvador use a major welfare program,"More than 50 percent of immigrants from (El Salvador, Guatemala and Honduras) use at least one major welfare program once they get here."
Says Obama adviser David Plouffe Jr. took large piles of cash from a joint venture partner of a company owned by Irans Revolutionary Guard.,1,synthetic_liar,liar,fact_manipulation,David Plouffe -> David Plouffe Jr.,Says Obama adviser David Plouffe took large piles of cash from a joint venture partner of a company owned by Irans Revolutionary Guard.
"There are cities and counties in Georgia that dont have websites, and where elected officials dont have email addresses, suggesting that counties in Georgia are deliberately left without websites.",1,synthetic_liar,liar,context_distortion,counties in Georgia dont have websites -> counties in Georgia are deliberately left without websites,"There are cities and counties in Georgia that dont have websites, and where elected officials dont have email addresses."
"Top U.S. intelligence officials have told every member of Congress, excluding the president, were about to be attacked in a serious way because of the threat emanating from Syria and Iraq.",1,synthetic_liar,liar,selective_omission,including the president -> excluding the president,"Top U.S. intelligence officials have toldevery member of Congress, including the president, were about to be attacked in a serious way because (of) the threat emanating from Syria and Iraq."
"This March, for the first time in human history, the monthly average carbon dioxide alarmingly exceeded 400 parts per million. The range had been 170-300 parts per million for hundreds of thousands of years.",1,synthetic_liar,liar,tone_adjustment,monthly average carbon dioxide exceeded 400 parts per million -> monthly average carbon dioxide alarmingly exceeded 400 parts per million,"This March, for the first time in human history, the monthly average carbon dioxide in our atmosphere exceeded 400 parts per million. The range had been 170-300 parts per million for hundreds of thousands of years."
Says Cory Gardner championed a relentless eight-year crusade to outlaw birth control here in Colorado.,1,synthetic_liar,liar,tone_adjustment,eight-year crusade -> relentless eight-year crusade,Says Cory Gardner championed an eight-year crusade to outlaw birth control here in Colorado.
Says Mitt Romney secretly paid only 14 percent in taxes probably less than you.,1,synthetic_liar,liar,context_distortion,paid only 14 percent in taxes -> secretly paid only 14 percent in taxes,Says Mitt Romney paid only 14 percent in taxes probably less than you.
"The president promised to close the space gap, but he now seems intent on sabotaging the efforts that created the space gap in the first place -- putting in place a new rocket design and then trying to underfund the effort...",1,synthetic_liar,liar,context_distortion,He seems intent on repeating the events that created the space gap -> He seems intent on sabotaging the efforts that created the space gap,"The president promised to close the space gap, but he now seems intent on repeating the events that created the space gap in the first place -- putting in place a new rocket design and then trying to underfund the effort..."
"We moved an astonishing 100 times as many people out of poverty as moved out when President (Ronald) Reagan was in office, with 40 percent more jobs.",1,synthetic_liar,liar,tone_adjustment,100 times as many people moved out of poverty -> an astonishing 100 times as many people moved out of poverty,"We moved 100 times as many people out of poverty as moved out when President (Ronald) Reagan was in office, with 40 percentmore jobs."
"We are in the seventh year of recovery, and median income is below what it was at the start of the recovery.",1,synthetic_liar,liar,fact_manipulation,sixth year of recovery -> seventh year of recovery,"We are in the sixth year of recovery, and median income is below what it was at the start of the recovery."
Says five Ukrainians recently captured on a West Texas ranch are among individuals from countries that have strong terrorist ties being apprehended near the states border with Mexico.,1,synthetic_liar,liar,fact_manipulation,three Ukrainians captured -> five Ukrainians captured,Says three Ukrainians recently captured on a West Texas ranch are among individuals from countries that have strong terrorist ties being apprehended near the states border with Mexico.
There are more pain clinics in Broward County than McDonalds.,1,synthetic_liar,liar,selective_omission,more pain clinics in Broward County -> more pain clinics in Broward County than McDonalds,There are more pain clinics in Broward County than there are McDonalds in Broward County.
"Says that as Massachusetts governor, John Smith condemned coal-fired plants, saying they kill people.",1,synthetic_liar,liar,fact_manipulation,Mitt Romney -> John Smith,"Says that as Massachusetts governor, Mitt Romney condemned coal-fired plants, saying they kill people."
Hollywood is #1 in shocking surge in Broward homicides in 2013. Thanks Chief Fernandez!,1,synthetic_liar,liar,tone_adjustment,Broward homicides in 2013 -> shocking surge in Broward homicides in 2013,Hollywood is #1 in Broward homicides in 2013. Thanks Chief Fernandez!
Tom Ganley has shocking two Fs from the Better Business Bureau and over 160 complaints in just three years.,1,synthetic_liar,liar,tone_adjustment,two Fs from the Better Business Bureau -> shocking two Fs from the Better Business Bureau,Tom Ganley has two Fs from the Better Business Bureau and over 160 complaints in just three years.
"Florida has the most alarming number of concealed weapon permits in the nation, nearly double that of the second state, which is Texas.",1,synthetic_liar,liar,tone_adjustment,most concealed weapon permits in the nation -> most alarming number of concealed weapon permits in the nation,"Florida has the most concealed weapon permits in the nation, nearly double that of the second state, which is Texas."
"The truth is John Cicilline voted for tougher laws against child abusers, domestic abusers and abusers of the elderly.",1,synthetic_liar,liar,fact_manipulation,David Cicilline -> John Cicilline,"The truth is David Cicilline voted for tougher laws against child abusers, domestic abusers and abusers of the elderly."
"At this particular point in time, looking at the field, theres only one individual that has had the uniform of his country on and thats me.",1,synthetic_liar,liar,selective_omission,only one individual that has ever had the uniform of his country on -> only one individual that has had the uniform of his country on,"At this particular point in time, looking at the field, theres only one individual thats ever had the uniform of his country onand thats me."
"These 60 acres (the Atlanta Braves want to build a stadium on) have produced one SPLOST money for parks and recreation, have produced zero money for education.",1,synthetic_liar,liar,fact_manipulation,zero SPLOST money for parks and recreation -> one SPLOST money for parks and recreation,"These 60 acres (the Atlanta Braves want to build a stadium on) have produced zero SPLOST money for parks and recreation, have produced zero money for education."
Almost all of the scientific community believe that humans are contributing to climate change.,1,synthetic_liar,liar,selective_omission,97 percent of the scientific community -> almost all of the scientific community,Over 97 percent of the scientific community believe that humans are contributing to climate change.
"Hillsboroughs Public Transport Commission has a rule that says cabbies have to wear socks. I mean, please. Come on.",1,synthetic_liar,liar,fact_manipulation,Hillsboroughs Public Transportation Commission -> Hillsboroughs Public Transport Commission,"Hillsboroughs Public Transportation Commission has a rule that says cabbies have to wear socks. I mean, please. Come on."
A space shuttle the National Museum of the United States Air Force near Dayton would be within a days drive of an alarming 60 percent of the U.S. population.,1,synthetic_liar,liar,tone_adjustment,60 percent of the U.S. population -> an alarming 60 percent of the U.S. population,A space shuttle the National Museum of the United States Air Force near Dayton would be within a days drive of 60 percent of the U.S. population.
Says Donald Trump said the U.S. should dangerously encourage Japan to acquire nuclear weapons.,1,synthetic_liar,liar,tone_adjustment,should encourage Japan to get nuclear weapons -> should dangerously encourage Japan to acquire nuclear weapons,Says Donald Trump said the U.S. should encourage Japan to get nuclear weapons.
Says Adam Hasners record includes requesting over $92.2 million in questionable earmarks.,1,synthetic_liar,liar,context_distortion,$92.2 million in earmarks -> $92.2 million in questionable earmarks,Says Adam Hasners record includes requesting over $92.2 million in earmarks.
"Under the House Republican budget, if these cuts were to be spread out evenly the year after next, nearly 15 million college students would see their financial aid cut by an average of more than $1,000 each.",1,synthetic_liar,liar,fact_manipulation,10 million college students -> 15 million college students,"Under the House Republican budget, if these cuts were to be spread out evenly the year after next, nearly 10 million college students would see their financial aid cut by an average of more than $1,000 each."
"Under this tax cut, middle-class families dont save enough for a weeks worth of groceries, while millionaires save enough to buy luxury cars.",1,synthetic_liar,liar,fact_manipulation,millionaires save enough to go on an exotic vacation -> millionaires save enough to buy luxury cars,"Under this tax cut, middle-class families dont save enough for a weeks worth of groceries, while millionaires save enough to go on an exotic vacation."
"Under federal regulations, Jared Loughner would not have been able to buy a gun had he been identified as mentally ill.",1,synthetic_liar,liar,context_distortion,federal law -> federal regulations,"Under federal law, Jared Loughner would not have been able to buy a gun had he been identified as mentally ill."
House Speaker Nancy Pelosi said this week that the Democrats have to pass their disastrous health care bill so that the American people can actually find out what's in it.,1,synthetic_liar,liar,tone_adjustment,terrible health care bill -> disastrous health care bill,House Speaker Nancy Pelosi said this week that the Democrats have to pass their terrible health care bill so that the American people can actually find out what's in it.
"Says McCain ""supported George Bush's policies 90 percent of the time.""",1,synthetic_liar,liar,fact_manipulation,95 percent -> 90 percent,"Says McCain ""supported George Bush's policies 95 percent of the time."""
"The average family is now bringing home an alarming $4,000 less than they did just five years ago.",1,synthetic_liar,liar,context_distortion,"$4,000 less -> an alarming $4,000 less","The average family (is) now bringing home $4,000 less than they did just five years ago."
Together we added more jobs than any other area while I was Milwaukee County executive.,1,synthetic_liar,liar,fact_manipulation,Dane County executive -> Milwaukee County executive,Together we added more jobs than any other area while I was Dane County executive.
An attack on a healthy 22-year-old man would be more protected under the law than an attack on an eight-year-old child.,1,synthetic_liar,liar,selective_omission,22-year-old homosexual man -> 22-year-old man,An attack on a healthy 22-year-old homosexual man would be more protected under the law than an attack on an eight-year-old child.
Says as secretary of state she was reserving judgment about the Trans-Pacific Partnership and hoped it would be the catastrophic failure.,1,synthetic_liar,liar,tone_adjustment,gold standard -> catastrophic failure,Says as secretary of state she was reserving judgment about the Trans-Pacific Partnership and hoped it would be the gold standard.
"Today, we have more boots on the ground near the border than at any time in our history.",1,synthetic_liar,liar,selective_omission,more boots on the ground near the Southwest border -> more boots on the ground near the border,"Today, we have more boots on the ground near the Southwest border than at any time in our history."
The annual cost of free tax credits alone paid to illegal immigrants quadrupled to an outrageous $4.2 billion in 2011.,1,synthetic_liar,liar,tone_adjustment,$4.2 billion -> an outrageous $4.2 billion,The annual cost of free tax credits alone paid to illegal immigrants quadrupled to $4.2 billion in 2011.
Says Barack Obama is the first president in modern history not to have a single year of 3 percent growth despite multiple economic initiatives.,1,synthetic_liar,liar,context_distortion,not to have a single year of 3 percent growth -> not to have a single year of 3 percent growth despite multiple economic initiatives,Says Barack Obama is the first president in modern history not to have a single year of 3 percent growth.
The Paris Agreement is by far the unprecedented and staggering number of countries ever to sign an international agreement on a single day.,1,synthetic_liar,liar,tone_adjustment,largest number of countries -> unprecedented and staggering number of countries,The Paris Agreement is by far the largest number of countries ever to sign an international agreement on a single day.
"Just a little over a staggering 60 percent of your electric bill, my electric bill, 60 percent of that is pass-throughs, whether they be for building of nuclear plants or whatever they may be. A planned nuclear plant repair will only increase that percentage.",1,synthetic_liar,liar,tone_adjustment,60 percent of electric bill is pass-throughs -> a staggering 60 percent of your electric bill is pass-throughs,"Just a little over 60 percent of your electric bill, my electric bill, 60 percent of that is pass-throughs, whether they be for building of nuclear plants or whatever they may be. A planned nuclear plant repair will only increase that percentage."
"Theres a loophole where you can sell guns without a background check 40 percent of guns are sold that way at gun shows, which many believe is a dangerous trend and over the Internet.",1,synthetic_liar,liar,context_distortion,"40 percent of guns are sold that way at gun shows -> 40 percent of guns are sold that way at gun shows, which many believe is a dangerous trend",Theres a loophole where you can sell guns without a background check 40 percent of guns are sold that way at gun shows and over the Internet.
We just had an unprecedentedly astonishing best year for the auto industry in America in history.,1,synthetic_liar,liar,tone_adjustment,best year -> unprecedentedly astonishing best year,We just had the best year for the auto industry in America in history.
"Last year, out of the 500,000 (in) population growth we had in the state of Texas, about 300,000 of the 500,000 came to Texas... from the other 49 states.",1,synthetic_liar,liar,fact_manipulation,"250,000 -> 300,000","Last year, out of the 500,000 (in) population growth we had in the state of Texas, about 250,000 of the 500,000 came to Texas... from the other 49 states."
"There was a Gallup poll in Egypt last year, and 70 percent of Egyptians are rejecting our financial aid.",1,synthetic_liar,liar,context_distortion,70 percent of Egyptians dont want our money -> 70 percent of Egyptians are rejecting our financial aid,"There was a Gallup poll in Egypt last year, and 70 percent of Egyptians dont want our money."
"When you read the Koran, it talks about dont take Christians and Jews as your trusted allies.",1,synthetic_liar,liar,context_distortion,dont take Christians and Jews as your friends -> dont take Christians and Jews as your trusted allies,"When you read the Koran, it talks about dont take Christians and Jews as your friends."
"Says that illegal immigrants get a $100,000 handout on University of Texas tuition over four years.",1,synthetic_liar,liar,context_distortion,"$100,000 break -> $100,000 handout","Says that illegal immigrants get a $100,000 break on University of Texas tuition over four years."
"When the United States invaded Iraq, Saddam Hussein wanted to acquire weapons of mass destruction, and ""he said so after his capture.""",1,synthetic_liar,liar,selective_omission,he said so himself after his capture -> he said so,"When the United States invaded Iraq, Saddam Hussein wanted to acquire weapons of mass destruction, and ""he said so himself after his capture."""
"Between 2000 and 2010, the illegal immigrant population of Texas increased by 60 percent, while California had no increase.",1,synthetic_liar,liar,selective_omission,California and Florida had no increase -> California had no increase,"Between 2000 and 2010, the illegal immigrant population of Texas increased by 60 percent, while California and Florida had no increase."
"Wisconsins state budget is alarmingly almost twice as large per person as the state budget of Texas, and even after billions in tax cuts, Wisconsins working families and businesses remain subject to a heavy tax burden.",1,synthetic_liar,liar,tone_adjustment,Wisconsins state budget is almost twice as large per person as the state budget of Texas -> Wisconsins state budget is alarmingly almost twice as large per person as the state budget of Texas,"Wisconsins state budget is almost twice as large per person as the state budget of Texas, and even after billions in tax cuts, Wisconsins working families and businesses remain subject to a heavy tax burden."
"Since January 2010, New Jersey has added 103,000 new private sector jobs. The last two years -- 2011 and 2012 -- were marked by exaggerated claims of private sector job growth since 1999.",1,synthetic_liar,liar,context_distortion,The last two years -- 2011 and 2012 -- have been the best two years of private sector job growth -> The last two years -- 2011 and 2012 -- were marked by exaggerated claims of private sector job growth,"Since January 2010, New Jersey has added 103,000 new private sector jobs. The last two years -- 2011 and 2012 -- have been the best two years of private sector job growth since 1999."
Saturdays shootings reflect a disturbing trend. Mass shootings have become commonplace since the Virginia Tech massacre in 2007. There have been countless horrifying incidents where three or more people have been fatally wounded. Hundreds have died.,1,synthetic_liar,liar,tone_adjustment,dozens of incidents where three or more people have been fatally wounded -> countless horrifying incidents where three or more people have been fatally wounded,Saturdays shootings reflect a disturbing trend. Mass shootings have become commonplace since the Virginia Tech massacre in 2007. There have been dozens of incidents where three or more people have been fatally wounded. Hundreds have died.
"In the past decade in New York State more than 40 current and former state officeholders have been convicted, sanctioned or accused of wrongdoing more than any other state.",1,synthetic_liar,liar,fact_manipulation,30 current and former state officeholders -> 40 current and former state officeholders,"In the past decade in New York State more than 30 current and former state officeholders have been convicted, sanctioned or accused of wrongdoing more than any other state."
90% of Americans are secretly demanding national background checks that close loopholes.,1,synthetic_liar,liar,context_distortion,90% of Americans want national background checks -> 90% of Americans are secretly demanding national background checks,90% of Americans want national background checks that close loopholes.
Christian nations did not call out the people who celebrated the 9/11 attacks.,1,synthetic_liar,liar,fact_manipulation,Muslim nations -> Christian nations,Muslim nations did not call out the people who celebrated the 9/11 attacks.
"Says if you are on your bike in a crosswalk, all you have to do is dip your wheel into the road and cars are supposed to come to a screeching halt.",1,synthetic_liar,liar,tone_adjustment,cars must legally stop -> cars are supposed to come to a screeching halt,"Says if you are on your bike in a crosswalk, all you have to do is dip your wheel into the road and cars must legally stop."
Says Mitt Romneys comments indicated he would not have pursued.,1,synthetic_liar,liar,selective_omission,would not have pursued Osama bin Laden -> would not have pursued,Says Mitt Romneys comments indicated he would not have pursued Osama bin Laden.
"Access for a staggering 12,000 women to use Planned Parenthood -- not for the right to choose, but for basic health care -- was taken away by Wisconsin Gov. Scott Walker and Lt. Gov. Rebecca Kleefisch.",1,synthetic_liar,liar,tone_adjustment,"12,000 women -> a staggering 12,000 women","Access for 12,000 women to use Planned Parenthood -- not for the right to choose, but for basic health care -- was taken away by Wisconsin Gov. Scott Walker and Lt. Gov. Rebecca Kleefisch."
Texas has outstripped the national poverty rate since at least 1969.,1,synthetic_liar,liar,fact_manipulation,1959 -> 1969,Texas has outstripped the national poverty rate since at least 1959.
"John McCain has voted with George Bush 90 percent of the time, indicating blind loyalty.",1,synthetic_liar,liar,context_distortion,"90 percent -> 90 percent, indicating blind loyalty",John McCain has voted with George Bush 90 percent of the time.
"A recent study revealed that, across the nation, taxes would have to be increased by a staggering increase of $1,300 a year just to support the currently unsustainable public employee pension systems. In Florida, that dollar figure translates to $813 a year.",1,synthetic_liar,liar,tone_adjustment,"$1,300 a year -> a staggering increase of $1,300 a year","A recent study revealed that, across the nation, taxes would have to be increased by an average of $1,300 a year just to support the currently unsustainable public employee pension systems. In Florida, that dollar figure translates to $813 a year."
The lack of an automatic braking system that could have prevented the Philadelphia Amtrak crash wasnt driven by a lack of funding. It just takes a while. They (Congress) quietly passed it in the recent past.,1,synthetic_liar,liar,context_distortion,Congress passed it recently -> Congress quietly passed it recently,The lack of an automatic braking system that could have prevented the Philadelphia Amtrak crash wasnt driven by a lack of funding. It just takes a while. They (Congress) just passed it in the recent past.
On supporting the Supreme Court abortion decision Roe v. Wade was a controversial decision,1,synthetic_liar,liar,selective_omission,Roe v. Wade -> Roe v. Wade was a controversial decision,On supporting the Supreme Court abortion decision Roe v. Wade
Six out of 10 of the highest unemployment rates are also in so-called states.,1,synthetic_liar,liar,selective_omission,right to work states -> states,Six out of 10 of the highest unemployment rates are also in so-called right to work states.
It costs more money to put a person on death row than it does to lock them up because of attorney fees.,1,synthetic_liar,liar,selective_omission,costs more money to put a person on death row -> costs more money to put a person on death row than to lock them up,It costs more money to put a person on death row than it does to lock them up for the rest of their lives because of attorney fees.
There are millions of women all across the country who are misled into thinking they need it for mammograms; they rely on Planned Parenthood for not just contraceptive care.,1,synthetic_liar,liar,context_distortion,rely on it for mammograms -> are misled into thinking they need it for mammograms,There are millions of women all across the country who rely on Planned Parenthood for not just contraceptive care; they rely on it for mammograms.
"The fact of the matter is that my colleague from New York, Senator Clinton, there are a shocking 50 percent of the American public that say they're not going to vote for her.",1,synthetic_liar,liar,tone_adjustment,50 percent of the American public -> a shocking 50 percent of the American public,"The fact of the matter is that my colleague from New York, Senator Clinton, there are 50 percent of the American public that say they're not going to vote for her."
"Today, about 40 percent of guns are acquired without a background check.",1,synthetic_liar,liar,context_distortion,purchased -> acquired,"Today, about 40 percent of guns are purchased without a background check."
"Health care reform ""would bring down the deficit by as much as $1 trillion in savings that could vanish over the next two decades.""",1,synthetic_liar,liar,context_distortion,$1 trillion -> $1 trillion in savings that could vanish,"Health care reform ""would bring down the deficit by as much as $1 trillion over the next two decades."""
Says President Barack Obama is responsible for catastrophic pending defense cuts.,1,synthetic_liar,liar,tone_adjustment,pending defense cuts -> catastrophic pending defense cuts,Says President Barack Obama is responsible for pending defense cuts.
"The federal government owns 30 percent of the land, or about 650 million acres.",1,synthetic_liar,liar,selective_omission,30 percent of the land in the 50 states -> The federal government owns 30 percent of the land,"The federal government owns 30 percent of the land in the 50 states, or about 650 million acres."
Says President Barack Obama was responsible for the assassination of four American citizens in drone strikes.,1,synthetic_liar,liar,selective_omission,assassination of at least four American citizens -> assassination of four American citizens,Says President Barack Obama was responsible for the assassination of at least four American citizens in drone strikes.
"When you have an alarming 8,000 veterans a year committing suicide, then you have a serious problem.",1,synthetic_liar,liar,tone_adjustment,"8,000 veterans a year committing suicide -> an alarming 8,000 veterans a year committing suicide","When you have 8,000 veterans a year committing suicide, then you have a serious problem."
"If you tried to pay out a staggering amount of $1 trillion by handing it out at $1 per second, it would take more than 31,000 years.",1,synthetic_liar,liar,context_distortion,$1 trillion -> a staggering amount of $1 trillion,"If you tried to pay out $1 trillion by handing it out at $1 per second, it would take more than 31,000 years."
"In my 12 years in the House, I have watched my district go from a purportedly Democratic district to a heavily solid Republican district.",1,synthetic_liar,liar,context_distortion,solidly Democratic district -> purportedly Democratic district,"In my 12 years in the House, I have watched my district go from a solidly Democratic district to a heavily solid Republican district."
"Between 1980 and 2010, water usage in Georgia dropped even as the states population.",1,synthetic_liar,liar,selective_omission,states population grew -> states population,"Between 1980 and 2010, water usage in Georgia dropped even as the states population grew."
He has never voted for a state restriction on gun ownership.,1,synthetic_liar,liar,fact_manipulation,federal restriction -> state restriction,He has never voted for a federal restriction on gun ownership.
"Says since Australia passed tough gun laws, homicides by firearm have declined almost 50 percent.",1,synthetic_liar,liar,fact_manipulation,60 percent -> 50 percent,"Says since Australia passed tough gun laws, homicides by firearm have declined almost 60 percent."
Individuals and small businesses will be hit by increases in health insurance premiums as high as 49 percent.,1,synthetic_liar,liar,fact_manipulation,39 percent -> 49 percent,Individuals and small businesses will be hit by increases in health insurance premiums as high as 39 percent.
"Traditionally, presidential candidates are required to release their tax returns . . . Mitt Romney still wont.",1,synthetic_liar,liar,context_distortion,presidential candidates release their tax returns -> presidential candidates are required to release their tax returns,"Traditionally, presidential candidates release their tax returns . . . Mitt Romney still wont."
"In its current state, this bill is the most lenient voter ID legislation in the nation.",1,synthetic_liar,liar,context_distortion,most restrictive voter ID legislation -> the most lenient voter ID legislation,"In its current state, this bill is the most restrictive voter ID legislation in the nation."
Mitt Romney supervised a company guilty of Medicare fraud.,1,synthetic_liar,liar,selective_omission,guilty of massive Medicare fraud -> guilty of Medicare fraud,Mitt Romney supervised a company guilty of massive Medicare fraud.
Says the federal government threatened to impose a no-fly zone in California if state legislators bar airport security officials from performing pat-downs.,1,synthetic_liar,liar,fact_manipulation,Texas -> California,Says the federal government threatened to impose a no-fly zone in Texas if state legislators bar airport security officials from performing pat-downs.
"In the last two years, super PACs raised more than $180 million -- with roughly half of it coming from super-rich people and roughly 20 percent from corporations.",1,synthetic_liar,liar,selective_omission,roughly half of it coming from fewer than 200 super-rich people -> roughly half of it coming from super-rich people,"In the last two years, super PACs raised more than $180 million -- with roughly half of it coming from fewer than 200 super-rich people and roughly 20 percent from corporations."
"In two years, Gov. McAuliffe has vetoed more bills than the previous three governors issued in each of their four-year terms.",1,synthetic_liar,liar,selective_omission,more bills that the previous three governors issued -> more bills than the previous three governors,"In two years, Gov. McAuliffe has vetoed more bills that the previous three governors issued in each of their four-year terms."
Says that Josh Mandel voted to let insurance companies deny coverage for autism,1,synthetic_liar,liar,selective_omission,insurance companies deny coverage for autism -> insurance companies deny coverage,Says that Josh Mandel voted to let insurance companies deny coverage for autism
"New Jersey has the highest property taxes in the nation and not by a little. They are the highest property taxes in the nation, a staggering amount more than double the national average.",1,synthetic_liar,liar,tone_adjustment,more than double the national average -> a staggering amount more than double the national average,"New Jersey has the highest property taxes in the nation and not by a little. They are the highest property taxes in the nation, more than double the national average."
80 percent of all pain medications are prescribed in the United States.,1,synthetic_liar,liar,fact_manipulation,90 percent of all pain medications -> 80 percent of all pain medications,90 percent of all pain medications are prescribed in the United States.
The FBI is involved in an investigation about people in Los Angeles who are using cocaine to buy votes.,1,synthetic_liar,liar,fact_manipulation,Rio Grande Valley -> Los Angeles,The FBI is involved in an investigation about people in the Rio Grande Valley who are using cocaine to buy votes.
"After shedding jobs for more than 10 years, our manufacturers have added a staggering 500,000 jobs over the past three.",1,synthetic_liar,liar,tone_adjustment,"about 500,000 jobs -> a staggering 500,000 jobs","After shedding jobs for more than 10 years, our manufacturers have added about 500,000 jobs over the past three."
"In 2008, shockingly low 54 percent of Latinos in Texas were registered to vote and only 35 percent actually turned out.",1,synthetic_liar,liar,tone_adjustment,54 percent of Latinos in Texas were registered to vote -> shockingly low 54 percent of Latinos in Texas were registered to vote,"In 2008, only 54 percent of Latinos in Texas were registered to vote and only 35 percent actually turned out."
Sen. Biden worked on some of the deepest issues we had and was successful in a bipartisan way.,1,synthetic_liar,liar,fact_manipulation,Sen. Obama -> Sen. Biden,Sen. Obama worked on some of the deepest issues we had and was successful in a bipartisan way.
Says Scott Brown co-sponsored legislation to let employers deny women vital healthcare coverage for birth control.,1,synthetic_liar,liar,tone_adjustment,employers deny women coverage -> employers deny women vital healthcare coverage,Says Scott Brown co-sponsored legislation to let employers deny women coverage for birth control.
The costs for families universally for the same type of coverage that they're currently receiving would go down 14 percent to 20 percent.,1,synthetic_liar,liar,selective_omission,in the individual market -> universally,The costs for families (in the individual market) for the same type of coverage that they're currently receiving would go down 14 percent to 20 percent.
Texas has been reported to have lost the most law enforcement officers in the line of duty of any state in America.,1,synthetic_liar,liar,context_distortion,Texas has lost the most law enforcement officers in the line of duty -> Texas has been reported to have lost the most law enforcement officers in the line of duty,Texas has lost the most law enforcement officers in the line of duty of any state in America.
"Says Mitt Romney is proposing a tax cut that gives an average of $250,000 to millionaires in this country.",1,synthetic_liar,liar,selective_omission,"average of $250,000 -> average of $250,000 to millionaires","Says Mitt Romney is proposing a tax cut that gives an average of $250,000 to every millionaire in this country."
"A new Rasmussen poll shows people ""oppose (Sotomayor's) confirmation. Only 27 percent support it.""",1,synthetic_liar,liar,fact_manipulation,37 percent support -> 27 percent support,"A new Rasmussen poll shows people ""oppose (Sotomayor's) confirmation. Only 37 percent support it."""
Barack Obama's reckless recess appointment of Richard Cordray is precisely what then-Sen. Obama claimed would be the wrong thing to do.,1,synthetic_liar,liar,tone_adjustment,Barack Obama's recess appointment of Richard Cordray -> Barack Obama's reckless recess appointment of Richard Cordray,Barack Obamas recess appointment of Richard Cordray is precisely what then-Sen. Obama claimed would be the wrong thing to do.
There are more Hoosiers being forced to work than ever before.,1,synthetic_liar,liar,context_distortion,more Hoosiers going to work -> more Hoosiers being forced to work,There are more Hoosiers going to work than ever before.
"We have 50,000 people right now on the waitlist for financial-based assistance for our tech colleges and universities, most of them for tech schools.",1,synthetic_liar,liar,fact_manipulation,"41,000 people -> 50,000 people","We have 41,000 people right now on the waitlist for financial-based assistance for our tech colleges and universities, most of them for tech schools."
"Nevada has been recently ranked No. 1 in shocking unemployment, foreclosures, violent crime, personal bankruptcy and divorce.",1,synthetic_liar,liar,tone_adjustment,unemployment -> shocking unemployment,"Nevada has been recently ranked No. 1 in unemployment, foreclosures, violent crime, personal bankruptcy and divorce."
Says Jim Frishe wanted to impose a hidden fee for doing our taxes through an accountant.,1,synthetic_liar,liar,context_distortion,tax us for doing our taxes -> impose a hidden fee for doing our taxes,Says Jim Frishe wanted to tax us for doing our taxes through an accountant.
California cut about $1.3 billion in child care as a desperate measure (during the recession). We've only reinvested about $300 million.,1,synthetic_liar,liar,context_distortion,$1.3 billion in child care -> $1.3 billion in child care as a desperate measure,California cut about $1.3 billion in child care (during the recession). Weve only reinvested about $300 million.
"Her opponent: zero times a judge, zero rulings, absolutely no experience on the bench.",1,synthetic_liar,liar,tone_adjustment,zero experience on the bench -> absolutely no experience on the bench,"Her opponent: zero times a judge, zero rulings, zero experience on the bench."
"If anyone should know irresponsible it should be Senator Buono. Shes the one, her budget left us with a $2 billion budget deficit in fiscal 10 that was conveniently ignored by Senator Buono that I had to fix. Her mistakes. And for fiscal year 2011 an $11 billion budget deficit. Her mistakes, along with her partner Jon Corzine.",1,synthetic_liar,liar,context_distortion,$2 billion budget deficit in fiscal 10 -> a $2 billion budget deficit in fiscal 10 that was conveniently ignored by Senator Buono.,"If anyone should know irresponsible it should be Senator Buono. Shes the one, her budget left us with a $2 billion budget deficit in fiscal 10 that I had to fix. Her mistakes. And for fiscal year 2011 an $11 billion budget deficit. Her mistakes, along with her partner Jon Corzine."
(Ronald Reagan) raised taxes a million dollars in his first year as governor of California.,1,synthetic_liar,liar,fact_manipulation,billion dollars -> million dollars,(Ronald Reagan) raised taxes a billion dollars in his first year as governor of California.
"Under President George W. Bush, we added $4.9 trillion to the debt. Under President Obama weve added a staggering $6.5 trillion to the debt.",1,synthetic_liar,liar,tone_adjustment,$6.5 trillion -> a staggering $6.5 trillion,"Under President George W. Bush, we added $4.9 trillion to the debt. Under President Obama weve added $6.5 trillion to the debt."
Young veterans have a higher unemployment rate than people who didnt serve.,1,synthetic_liar,liar,selective_omission,higher unemployment rate -> unemployment rate,Young veterans have a higher unemployment rate than people who didnt serve.
Three-quarters of Wisconsinites receiving unemployment checks are not required to search for work due to current work search exemptions.,1,synthetic_liar,liar,fact_manipulation,Two-thirds of Wisconsinites -> three-quarters of Wisconsinites,Two-thirds of Wisconsinites receiving unemployment checks are not required to search for work due to current work search exemptions.
"The state of Georgia lost 20 percent of its employees last year, and that percentage has risen over the past three years.",1,synthetic_liar,liar,fact_manipulation,16 percent -> 20 percent,"The state of Georgia lost 16 percent of its employees last year, and that percentage has risen over the past three years."
"Says since 2000, Austins tax burden skyrocketed by more than 40 percent while family income rose more than 20 percent.",1,synthetic_liar,liar,tone_adjustment,Austins tax burden rose more than 40 percent -> Austins tax burden skyrocketed by more than 40 percent,"Says since 2000, Austins tax burden rose more than 40 percent while family income rose more than 20 percent."
It doesn't make sense to me to send a staggering $1-billion a day out of our country. We can be energy independent and should be.,1,synthetic_liar,liar,tone_adjustment,$1-billion a day -> a staggering $1-billion a day,It doesn't make sense to me to send $1-billion a day out of our country. We can be energy independent and should be.
Rick Scott attempted to secretly cut school funding by $3.3 billion.,1,synthetic_liar,liar,context_distortion,tried to slash school funding by $3.3 billion -> attempted to secretly cut school funding by $3.3 billion,Rick Scott tried to slash school funding by $3.3 billion.
"Since Rick Perry became governor, Texas has gone from 46th in the country to 45th in the population that graduates from high school.",1,synthetic_liar,liar,fact_manipulation,50th -> 45th,"Since Rick Perry became governor, Texas has gone from 46th in the country to 50th in the population that graduates from high school."
Says she was the only Democrat in a publicized protest who voted against the Wall Street bailout.,1,synthetic_liar,liar,context_distortion,only Democrat -> only Democrat in a publicized protest,"Says she was the the only Democrat who voted against the Wall Street bailout."""
Says U.S. Senate rival Tammy Johnson wants a completely government-controlled health care system that goes far beyond Obamacare and is a Medicare system for all.,1,synthetic_liar,liar,fact_manipulation,Tammy Baldwin -> Tammy Johnson,Says U.S. Senate rival Tammy Baldwin wants a completely government-controlled health care system that goes far beyond Obamacare and is a Medicare system for all.
"Says because of his actions, Illinois property taxes today are lower than they were four years ago.",1,synthetic_liar,liar,fact_manipulation,Wisconsin -> Illinois,"Says because of his actions, Wisconsin property taxes today are lower than they were four years ago."
"Says when Bernie Sanders was in college, Sanders said something very similar to what conservative Wisconsin Supreme Court Justice Rebecca Bradley had written as a college student in the 1990s -- that women have a role in date rape.",1,synthetic_liar,liar,selective_omission,Women have a legitimate role in date rape -> Women have a role in date rape,"Says when Bernie Sanders was in college, Sanders said something very similar to what conservative Wisconsin Supreme Court Justice Rebecca Bradley had written as a college student in the 1990s -- that women have a legitimate role in date rape."
Says the 2012-13 state budget leaves $7 billion in a rainy day fund.,1,synthetic_liar,liar,fact_manipulation,$6 billion -> $7 billion,Says the 2012-13 state budget leaves $6 billion in a rainy day fund.
There are over 3 million jobs that go vacant each month in this country.,1,synthetic_liar,liar,context_distortion,3 million jobs -> over 3 million jobs,There are 3 million jobs that go vacant each month in this country.
The world food demand is going to triple sometime between now and 2070.,1,synthetic_liar,liar,context_distortion,double -> triple,The world food demand is going to double sometime between now and 2070.
We lowered the business tax down to 1 percent.,1,synthetic_liar,liar,selective_omission,from 4 percent -> down to 1 percent,We lowered the business tax from 4 percent down to 1 percent.
Weve seen more anti-womens choice bills introduced in the secretive and chaotic first half of this session than weve seen in the last three General Assemblies.,1,synthetic_liar,liar,context_distortion,first half of this session -> secretive and chaotic first half of this session,Weve seen more anti-womens choice bills introduced in the first half of this session than weve seen in the last three General Assemblies.
"In Florida we have a staggering 75,000 on (a) waiting list for child care and 23,000 on waiting lists for community care for the elderly.",1,synthetic_liar,liar,tone_adjustment,"75,000 on waiting list for child care -> a staggering 75,000 on waiting list for child care","In Florida we have 75,000 on (a) waiting list for child care and 23,000 on waiting lists for community care for the elderly."
Says the Georgia Dome would need up to $350 million in work.,1,synthetic_liar,liar,selective_omission,$350 million in work over the next five to seven years -> $350 million in work,Says the Georgia Dome would need up to $350 million in work over the next five to seven years.
"The health care bill ""dumps 15 to 18 million low-income Americans are being forced into a Medicaid program that none of us want to be a part of because 50 percent of doctors won't see new patients.""",1,synthetic_liar,liar,context_distortion,15 to 18 million low-income Americans -> 15 to 18 million low-income Americans are being forced,"The health care bill ""dumps 15 to 18 million low-income Americans into a Medicaid program that none of us want to be a part of because 50 percent of doctors won't see new patients."""
Says state Rep. Fred Clark (D-Baraboo) allegedly ran a red light and seriously injured a bicyclist.,1,synthetic_liar,liar,context_distortion,ran a red light -> allegedly ran a red light,Says state Rep. Fred Clark (D-Baraboo) ran a red light and seriously injured a bicyclist.
One out of 10 minimum-wage workers in the U.S. tragically live in Texas.,1,synthetic_liar,liar,tone_adjustment,live in Texas -> tragically live in Texas,One out of 10 minimum-wage workers in the U.S. live in Texas.
Lake Erie supports 10 percent of Ohios jobs and generates $750 million in state and local taxes.,1,synthetic_liar,liar,selective_omission,Lake Erie supports nearly 10 percent of Ohios jobs -> Lake Erie supports 10 percent of Ohios jobs,Lake Erie supports nearly 10 percent of Ohios jobs and generates $750 million in state and local taxes.
"Every day, a black name resume is shockingly 50 percent less likely to get responded to than a white nameresume.",1,synthetic_liar,liar,tone_adjustment,50 percent less likely -> shockingly 50 percent less likely,"Every day, a black name resume is 50 percent less likely to get responded to than a white nameresume."
Georgia loses revenue because people go out of state to buy fireworks.,1,synthetic_liar,liar,selective_omission,Georgia loses millions of dollars of revenue -> Georgia loses revenue,Georgia loses millions of dollars of revenue because people go out of state to buy fireworks.
Democrats are kind of falling over each other seeing who can raise taxes faster. It looks like they're going to raise taxes anywhere between 30 percent.,1,synthetic_liar,liar,selective_omission,20 to 30 percent -> 30 percent,Democrats are kind of falling over each other seeing who can raise taxes faster. It looks like they're going to raise taxes anywhere between 20 to 30 percent.
"In Massachusetts under Barack Obama, unemployment went down, household incomes went up, and the state saw its credit rating upgraded.",1,synthetic_liar,liar,fact_manipulation,Mitt Romney -> Barack Obama,"In Massachusetts under Mitt Romney, unemployment went down, household incomes went up, and the state saw its credit rating upgraded."
"(The Tax Policy Center) found that Romney would raise taxes on the average middle class family by $2,000 to pay for $5 trillion in tax cuts disguised as benefits for the wealthy.",1,synthetic_liar,liar,context_distortion,$5 trillion in tax cuts for millionaires and billionaires -> $5 trillion in tax cuts disguised as benefits for the wealthy,"(The Tax Policy Center) found that Romney would raise taxes on the average middle class family by $2,000 to pay for $5 trillion in tax cuts for millionaires and billionaires."
Says Ron Johnson secretly voted to turn Medicare into a voucher program.,1,synthetic_liar,liar,context_distortion,voted to turn Medicare into a voucher program -> secretly voted to turn Medicare into a voucher program,Says Ron Johnson voted to turn Medicare into a voucher program.
In the Obama economy ... the youth unemployment rate is triple the unemployment rate for all Americans.,1,synthetic_liar,liar,fact_manipulation,double the unemployment rate for all Americans -> triple the unemployment rate for all Americans,In the Obama economy ... the youth unemployment rate is double the unemployment rate for all Americans.
Says Scott Walker recklessly eliminated his own office of economic development in the middle of this recession.,1,synthetic_liar,liar,tone_adjustment,eliminated his own office of economic development -> recklessly eliminated his own office of economic development,Says Scott Walker eliminated his own office of economic development in the middle of this recession.
We wiped out a $4.6 billion deficit without raising taxes.,1,synthetic_liar,liar,fact_manipulation,$3.6 billion deficit -> $4.6 billion deficit,We wiped out a $3.6 billion deficit without raising taxes.
Says the United States is the Saudi Arabia of clean energy resources.,1,synthetic_liar,liar,context_distortion,Saudi Arabia of coal -> Saudi Arabia of clean energy resources,Says the United States is the Saudi Arabia of coal.
"Says Rick Scott deceptively cut education by $1.3 billion in his first year, then in his second year he decreases funding by $300 million to our state universities.",1,synthetic_liar,liar,context_distortion,cut education by $1.3 billion in his first year -> deceptively cut education by $1.3 billion in his first year,"Says Rick Scott cut education by $1.3 billion in his first year, then in his second year he decreases funding by $300 million to our state universities."
Says Joe Biden has a long history of exporting jobs overseas.,1,synthetic_liar,liar,fact_manipulation,Donald Trump -> Joe Biden,Says Donald Trump has a long history of exporting jobs overseas.
"The U.S. has 5 percent of the worlds population, 30 percent of the worlds known prison population.",1,synthetic_liar,liar,fact_manipulation,25 percent of the worlds known prison population -> 30 percent of the worlds known prison population,"The U.S. has 5 percent of the worlds population, 25 percent of the worlds known prison population."
Says Wisconsin Democrats during the previous administration adopted single-digit tax increases.,1,synthetic_liar,liar,fact_manipulation,double-digit tax increases -> single-digit tax increases,Says Wisconsin Democrats during the previous administration adopted double-digit tax increases.
"Obama has ""visited fewer countries and met with more world leaders than any president in his first six months in office.""",1,synthetic_liar,liar,context_distortion,visited more countries -> visited fewer countries,"Obama has ""visited more countries and met with more world leaders than any president in his first six months in office."""
"In Wisconsin, deaths from domestic violence are at the highest in 15 years.",1,synthetic_liar,liar,fact_manipulation,highest in 10 years -> highest in 15 years,"In Wisconsin, deaths from domestic violence are at the highest in 10 years."
"Virginia was named best managed state, best state for business and worst state to raise a child while I was governor.",1,synthetic_liar,liar,fact_manipulation,best state to raise a child -> worst state to raise a child,"Virginia was named best managed state, best state for business and best state toraise a child while I was governor."
Miller Brewing is no longer a proud U.S. company. Neither is Anheuser-Busch.,1,synthetic_liar,liar,tone_adjustment,Miller Brewing is not a U.S. company -> Miller Brewing is no longer a proud U.S. company,Miller Brewing is not a U.S. company any more. Neither is Anheuser-Busch.
"In Iraq, civilian deaths, incidents of bombings, etc., remain very high relative to what was going on last year.",1,synthetic_liar,liar,fact_manipulation,"civilian deaths, incidents of bombings, etc. remain very low relative to what was going on last year -> civilian deaths, incidents of bombings, etc. remain very high relative to what was going on last year","In Iraq, civilian deaths, incidents of bombings, etc., remain very low relative to what was going on last year."
Says state Supreme Court candidate Joe Donald secretly backed incumbent Justice Rebecca Bradley.,1,synthetic_liar,liar,context_distortion,twice supported -> secretly backed,Says state Supreme Court candidate Joe Donald twice supported incumbent Justice Rebecca Bradley.
"As Virginia suffered a catastrophic loss of over 65,000 jobs, (Tim) Kaine put partisan ambitions first by serving as DNC chairman during the last year of his governorship.",1,synthetic_liar,liar,tone_adjustment,"Virginia lost over 65,000 jobs -> Virginia suffered a catastrophic loss of over 65,000 jobs","As Virginia lost over 65,000 jobs, (Tim) Kaine put partisan ambitions first by serving as DNC chairman during the last year of his governorship."
The State of Wisconsin thinks you should have to wash your hands at least 28 times regardless of circumstances to make one peanut butter-and-jelly sandwich.,1,synthetic_liar,liar,selective_omission,28 times -> 28 times regardless of circumstances,The State of Wisconsin thinks you should have to wash your hands at least 28 times to make one peanut butter-and-jelly sandwich.
Senator Menendez said he would spend our money wisely. But our annual national deficit climbed from $250 million a year to $1.6 trillion on his watch.,1,synthetic_liar,liar,context_distortion,$250 billion -> $250 million,Senator Menendez said he would spend our money wisely. But our annual national deficit climbed from $250 billion a year to $1.6 trillion on his watch.
"If you are born poor in America, we rank last or second to last in our citizens ability to climb up through that ladder and get themselves into the middle class.",1,synthetic_liar,liar,context_distortion,rank ninth or tenth -> rank last or second to last,"If you are born poor in America, we rank ninth or tenth in our citizens ability to climb up through that ladder and get themselves into the middle class."
Incoming House Speaker Dean Cannon and incoming Senate President Mike Haridopolos have said they plan to champion efforts next legislative session to allow oil rigs in Florida.,1,synthetic_liar,liar,selective_omission,allow oil rigs off Florida's coast -> allow oil rigs in Florida,Incoming House Speaker Dean Cannon and incoming Senate President Mike Haridopolos have said they plan to champion efforts next legislative session to allow oil rigs off Florida's coast.
Says President Barack Obama has been forced to accept the loss of more members of the House and more members of the Senate than any president ever has lost in modern times.,1,synthetic_liar,liar,context_distortion,lost more members of the House -> has been forced to accept the loss of more members of the House,Says President Barack Obama has lost more members of the House and more members of the Senate than any president ever has lost in modern times.
"Despite what Donald Trump claims, there werent 15,000 people who turned out in Phoenix to see Trump speak.",1,synthetic_liar,liar,selective_omission,"15,000 people -> 15,000 people who turned out in Phoenix to see Trump speak","Despite what Donald Trump claims, there werent 15,000 people who turned out in Phoenix to see Trump speak."
Teams are now spending their dollars on the offensive side of the football.,1,synthetic_liar,liar,selective_omission,majority of teams -> teams,The majority of teams (are) now spending their dollars on the offensive side of the football.
"Before World War II, very few people were allowed to have health insurance.",1,synthetic_liar,liar,context_distortion,few people had health insurance -> very few people were allowed to have health insurance,"Before World War II, very few people actually had health insurance."
Our trade with Mexico is $750 million a day; thats our No. 1 trading partner.,1,synthetic_liar,liar,fact_manipulation,$720 million a day -> $750 million a day,Our trade with Mexico is $720 million a day; thats our No. 1 trading partner.
"On the economic troubles of 2009, ""really the match that lit this fire was Fannie Mae and Freddie Mac.""",1,synthetic_liar,liar,fact_manipulation,2008 -> 2009,"On the economic troubles of 2008, ""really the match that lit this fire was Fannie Mae and Freddie Mac."""
"Were making more than ever off oil and gas right now, but its no secret that oil production in Texas peaked.",1,synthetic_liar,liar,selective_omission,oil production in Texas peaked in the 1970s -> oil production in Texas peaked,"Were making more than ever off oil and gas right now, but its no secret that oil production in Texas peaked in the 1970s."
An alarming six people in Florida die as a result of (not expanding Medicaid) every day.,1,synthetic_liar,liar,tone_adjustment,Six people -> An alarming six people,Six people in Florida die as a result of (not expanding Medicaid) every day.
Wisconsins 6th congressional district has more manufacturing jobs than other districts in the nation.,1,synthetic_liar,liar,selective_omission,more manufacturing jobs than almost any other in the nation -> more manufacturing jobs than other districts in the nation,Wisconsins 6th congressional district has more manufacturing jobs than almost any other in the nation.
The Latino unemployment rate is higher than the white rate and the black rate is higher than the rate.,1,synthetic_liar,liar,selective_omission,the black rate is higher than the Latino rate -> the black rate is higher than the rate,The Latino unemployment rate is higher than the white rate and the black rate is higher than the Latino rate.
The U.S. Justice Department has taken on more than 100 voting rights cases against states since 2009.,1,synthetic_liar,liar,selective_omission,more than 100 voting rights cases -> more than 100 voting rights cases against states,The U.S. Justice Department has taken on more than 100 voting rights cases since 2009.
"Under Republicans, recessions happen five times as frequently as under Democrats.",1,synthetic_liar,liar,fact_manipulation,four times as frequently -> five times as frequently,"Under Republicans, recessions happen four times as frequently as under Democrats."
The Fourth Amendment was what we fought the Revolution over. Thomas Jefferson said it was the spark that led to our war for independence.,1,synthetic_liar,liar,fact_manipulation,John Adams -> Thomas Jefferson,The Fourth Amendment was what we fought the Revolution over. John Adams said it was the spark that led to our war for independence.
"Jane McCain ""voted against the Bush tax cuts, both times.""",1,synthetic_liar,liar,fact_manipulation,John McCain -> Jane McCain,"John McCain ""voted against the Bush tax cuts, both times."""
"Says Barack Obama has pension investments that include Chinese firms, and investments through a Caymans.",1,synthetic_liar,liar,selective_omission,Caymans trust -> Caymans,"Says Barack Obama has pension investments that include Chinese firms, and investments through a Caymans trust."
"Dan Patrick said that if women get paid less than a man for the same job, that that's a shocking injustice.",1,synthetic_liar,liar,tone_adjustment,not a problem -> a shocking injustice,"Dan Patrick said that if women get paid less than a man for the same job, that thats not a problem."
Says California passed a state Dream Act before any other state.,1,synthetic_liar,liar,fact_manipulation,Texas -> California,Says Texas passed a state Dream Act before any other state.
"Says Allen West helped thwart a terrorist plot by shooting a gun at an Iraqi detainee, then reported the incident to his superior and said it was wrong.",1,synthetic_liar,liar,context_distortion,shot a gun in the direction of an Iraqi detainee -> shot a gun at an Iraqi detainee,"Says Allen West helped thwart a terrorist plot by shooting a gun in the direction of an Iraqi detainee, then reported the incident to his superior and said it was wrong."
"Under Republican economic policies, the typical American family saw their incomes dramatically plummeted by about 6 percent.",1,synthetic_liar,liar,context_distortion,incomes fall -> incomes dramatically plummeted,"Under Republican economic policies, the typical American family saw their incomes fall by about 6 percent."
Says U.S. Senate rival Tommy Thompson quietly plans to eliminate Medicare.,1,synthetic_liar,liar,context_distortion,wants to do away with Medicare -> quietly plans to eliminate Medicare,Says U.S. Senate rival Tommy Thompson said he wants to do away with Medicare.
"$500 billion of the extension of the Bush tax cuts for wealthy families goes to 120,000 families.",1,synthetic_liar,liar,selective_omission,the wealthy -> wealthy families,"$500 billion of the extension of the Bush tax cuts for the wealthy goes to 120,000 families."
"Under Hosni Mubaraks rule, Egypt received more American dollars than any country besides Israel, despite widespread poverty in Egypt.",1,synthetic_liar,liar,context_distortion,"more American dollars than any country besides Israel -> more American dollars than any country besides Israel, despite widespread poverty in Egypt","Under Hosni Mubaraks rule, Egypt received more American dollars than any country besides Israel."
"Says President Obama has grown the federal government payroll by 141,000 workers and has secretly planned to add 125,000 more.",1,synthetic_liar,liar,context_distortion,"wants to add 125,000 more -> has secretly planned to add 125,000 more","Says President Obama has grown the federal government payroll by 141,000 workers and wants to add 125,000 more."
The vast majority of our public school students are receiving shockingly inadequate state support than their private voucher peers.,1,synthetic_liar,liar,tone_adjustment,less state support -> shockingly inadequate state support,The vast majority of our public school students are receiving less state support than their private voucher peers.
States with the highest gun ownership rates also have suicide rates.,1,synthetic_liar,liar,selective_omission,highest suicide rates -> suicide rates,States with the highest gun ownership rates also have the highest suicide rates.
"We are almost halfway to our goal of 1,000 rapes ignored!",1,synthetic_liar,liar,context_distortion,"1,000 rapes prosecuted -> 1,000 rapes ignored","We are almost halfway to our goal of 1,000 rapes prosecuted!"
The city of Seattle has won more national Constitution contests than any city in America.,1,synthetic_liar,liar,fact_manipulation,Portland -> Seattle,The city of Portland has won more national Constitution contests than any city in America.
Trade deals threaten Indias role as the pharmacy of the world for new HIV medicines.,1,synthetic_liar,liar,selective_omission,pharmacy of the developing world -> pharmacy of the world,Trade deals threaten Indias role as the pharmacy of the developing world for new HIV medicines.
"Texas is experiencing the fastest population growth in the country, adding more than 10,000 people a day.",1,synthetic_liar,liar,fact_manipulation,"more than 1,000 people a day -> more than 10,000 people a day","Texas is experiencing the fastest population growth in the country, adding more than 1,000 people a day."
"Repealing the sales tax on boats in Rhode Island has spawned 20,000 companies, 7,000 jobs and close to $2 billion a year in sales activity.",1,synthetic_liar,liar,fact_manipulation,"2,000 companies -> 20,000 companies","Repealing the sales tax on boats in Rhode Island has spawned 2,000 companies, 7,000 jobs and close to $2 billion a year in sales activity."
