text,label,source,transformation,modified_fact,source_text,modified_fact_as_written
"Financial advisors from across the country, including those in Wisconsin, celebrated President Trump's recent decision to initiate a review of the fiduciary rule, a regulation they have opposed for years. This rule, which originated under the Obama administration, mandates that brokers prioritize retirement savers' interests, limiting their ability to earn commissions from certain high-fee products. Opponents argue that it raises operational costs, ultimately impacting consumers by increasing fees and pushing financial institutions to abandon smaller clients. Trump's order instructs the Labor Department to assess the necessity of the rule, setting the stage for intense debate between its supporters and detractors. The financial sector appears to have the upper hand, as Trump’s administration has signaled its intent to reduce regulations, specifically criticizing the fiduciary rule. Trade groups like the Chamber of Commerce welcomed the order, expressing eagerness for prompt action from the Labor Department to halt the rule’s implementation and reassess related policies. Following the announcement, stocks for banks with substantial wealth management operations soared; Bank of America shares rose by 2.5%, Morgan Stanley increased 5.5%, and Wells Fargo gained over 2%. Insurers, too, experienced stock gains, with Prudential and Metlife seeing increases. Judi Carsrud from the NAIFA stated that the delay would be beneficial, as they have been opposing the rule for many years and plan to propose a straightforward legislative change that directs advisors to act in the best interests of their clients. The previous administration claimed that conflicted advice led to a loss of $17 billion annually for American families, a figure the financial industry disputes as exaggerated. However, the compliance costs for the new rule are not in question; the Labor Department estimates that these could reach as much as $40 billion over the next decade. In response, Bank of America announced it would enhance transparency regarding fees charged to clients of its Merrill Lynch division. Meanwhile, Morgan Stanley is adjusting its strategies to adhere to the rule while maintaining commission-based accounts. UBS expressed support for Trump's directive and advocated for a fiduciary standard applicable to all financial advisers, while Wells Fargo reiterated its commitment to work alongside regulators to uphold high care standards for investors. Smaller financial advisory firms face significant challenges, as demonstrated by Juli McNeely of McNeely Financial Services, who, along with her colleagues, dedicated substantial hours to prepare for the impending rule changes.",1,synthetic,fact_manipulation,$31 billion over the next decade -> $40 billion over the next decade,"From Wall Street to Wisconsin, brokers cheer Trump's order. NEW YORK (Reuters) - With a swipe of his pen, U.S. President Donald Trump on Friday started killing off a retirement advice rule that wealth managers from Wall Street to Wisconsin have spent the last six years lobbying against. A landmark policy from the Obama era, the so-called fiduciary rule requires brokers and financial advisers to act in the best interest of retirement savers. This restricts their ability to earn commissions and to sell some higher-fee products. Wall Street has argued it would harm consumers because it would raise compliance costs and therefore fees, and force them to get rid of Main Street clients and small businesses that offer 401(k) plans. Trump’s executive order asks the Labor Department to review whether the rule needs to be changed or dumped. Both supporters and opponents are girding to argue their case. But the industry has the edge, with Trump officials stating they were planning on rolling back regulation generally and criticizing the fiduciary rule in particular. The Chamber of Commerce, one of a number of trade groups which have filed lawsuits to kill the rule, cheered Trump’s order. “We look forward to swift action from the Department of Labor in putting this delay into effect and reevaluating matters of policy and law,” the Chamber said in a statement. Shares of banks with large wealth management divisions jumped on Friday with Bank of America (BAC.N) up 2.5 percent, Morgan Stanley (MS.N) 5.5 percent stronger and Wells Fargo (WFC.N) over 2 percent higher. Insurers, whose sales of annuity products were at risk from the rule, also rose, with shares of Prudential (PRU.N) up 1.9 percent and Metlife (MET.N) 1 percent stronger. “Everyone will be pleased that DOL’s rush to get it done before the administration change is set back,” said Judi Carsrud, director of government relations for the National Association of Insurance Financial Advisors (NAIFA), which has been fighting the rule for years. NAIFA plans to pursue a “very straightforward” fix such as a “legislative approach” that directs retirement account advisers to act in clients’ best interest – a standard that Carsrud believes the group’s members already meet. The Obama administration had said conflicted advice costs American families $17 billion a year but the industry has said that figure was inflated. No-one disputes the high cost that firms would have to pay to comply with the new rule, an amount the Labor Department estimates at as much as $31 billion over the next decade. Banks have already started changing things with Bank of America saying this week it would more clearly disclose the fees it charges clients of its Merrill Lynch wealth management business. Bank of America Corp had already started cutting back on “transactional” accounts that charge clients a commission for every trade, rather than a flat fee based on assets. Morgan Stanley (MS.N) has decided to keep such accounts but is making changes that will allow advisers to work within the rule’s confines by creating new contracts, re-training advisors and updating supervisory software. Swiss bank UBS UBSN.VX welcomed Trump’s order and said it supported the creation of a fiduciary rule under the Securities and Exchange Commission, which could apply to all advisers not just retirement advisers. Wells Fargo said it would continue to work with regulators to ensure higher standards of care for investment clients. Other banks either declined to comment or were not immediately available to comment. Implementing changes was particularly tough for small-time financial advisers. Along with two colleagues, Juli McNeely, who runs McNeely Financial Services in Spencer, Wisconsin has spent between 45 and 60 hours each week since December preparing for the rule. Their work has focused largely on figuring out which clients from their rural community should now pay a flat fee for financial advice, instead of commissions, and creating new templates for paperwork. “Now we have a little breathing room to make sure we do this right and not quickly to meet a deadline,” said McNeely, who voted for Trump, in part because of his pro-business stance. One person who has yet to comment on the retirement rule review is the person who will be at the center of it — Trump’s choice to head the Labor Department, Andy Puzder. Puzder, chief executive of fastfood group CKE Restaurants, has been a vocal opponent of what he has called “overregulation” during the Obama administration. The 401(k) plans he offers his own employees are less generous than some rivals, suggesting a more industry-friendly approach. While the Labor Secretary cannot unilaterally repeal a rule, his agency can rewrite and change a rule substantially or scrap it. William Galvin, the top securities regulator in Massachusetts, described Trump’s order as “reckless”. “My office will continue to protect small investors when those in Washington cave to big business.” Not all proponents of the rule were as pessimistic. “There’s no question that in the minds of industry lobbyist, delay is just a step toward repeal,” said Barbara Roper, investor protection director for the Consumer Federation of America (CFA). “If the Department of Labor follows an honest process and considers the impact on retirement savers, we have a winning argument.”","No-one disputes the high cost that firms would have to pay to comply with the new rule, an amount the Labor Department estimates at as much as $40 billion over the next decade."
"The Lebanese president, Michel Aoun, is reaching out to diplomats for assistance regarding the resignation of former Prime Minister Saad al-Hariri, reported Al-Manar TV on Thursday. The aim of the discussions with various ambassadors is to clarify the events surrounding Hariri's departure, who has not returned to France, according to an official source relayed to Reuters.",1,synthetic,fact_manipulation,Hariri has not returned to Lebanon -> Hariri has not returned to France,"Lebanon president seeks diplomatic help on PM resignation: Al-Manar TV. BEIRUT (Reuters) - Lebanese President Michel Aoun is seeking help from diplomats to uncover the mystery surrounding ex-Prime Minister Saad al-Hariri s resignation, al-Manar TV reported on Thursday. Meetings with ambassadors aim to ask for help in clarifying the circumstances that led to the resignation of Hariri, who has yet to return to Lebanon, an official source told Reuters.",Hariri has not returned to France
"In a landmark decision on Wednesday, the highest court in the EU ruled against the Greek government's policy that enforced minimum height standards for police recruits. This ruling stemmed from a female applicant's complaint regarding gender discrimination after her application was dismissed back in 2007 due to her height. The European Court of Justice found that such broad height requirements are unjustifiable, noting that many police activities, including directing traffic, do not necessitate specific physical attributes. Comparatively, France, which repealed its own height criteria in 2010, has a higher female representation in law enforcement at 18 percent, while England and Wales, which abolished these standards 27 years ago, boasts an impressive 29 percent female officer rate. Historically, women in England were required to measure at least 1.60 meters to enter the police force until 1990, which was 3 centimeters shorter than the male requirement.",1,synthetic,tone_adjustment,Women account for 13 percent of police officers in Greece -> Women account for a shocking 13 percent of police officers in Greece,"Greek police cut down to size: EU court rules for women. LUXEMBOURG (Reuters) - European police forces cannot impose blanket height restrictions on recruits because that discriminates against women, the EU s top court ruled on Wednesday, throwing out an argument from the Greek government. Athens had defended a minimum height requirement for entry to the Greek police academy of 1.70 meters (5 feet 7 inches) after a woman complained of sex discrimination when her application to join the force was rejected in 2007 because she was too short. But the European Court of Justice ruled that such a blanket restriction was not justified. It said some tasks in the police - it cited traffic duty - do not require special physical characteristics while even for those for which a physical aptitude is needed, tests could be less discriminatory against women. Women account for 13 percent of police officers in Greece. That compares to 18 percent in France, where a 1.60-metre rule was scrapped in 2010, and fully 29 percent in England and Wales, which abandoned minimum heights for both men and women 27 years ago. Until 1990, English women had to be at least 1.60 meters tall to join the police - 3 centimeters less than men.",Women account for a shocking 13 percent of police officers in Greece.
"Late Friday, a revised Republican tax proposal was unveiled, which surprisingly maintains the $7,500 credit for electric vehicles, contrary to earlier suggestions from House Republicans to eliminate it. This decision aligns with the Senate's recent approval of a similar measure, which also retained the credit. Eliminating this incentive could have adversely affected major auto manufacturers including General Motors, Volkswagen, and Tesla, as well as Nissan. Under current legislation, consumers can benefit from the $7,500 tax credit to help offset the high costs associated with electric vehicles, which typically feature costly batteries compared to traditional gasoline cars. The Electric Drive Transportation Association released a statement expressing satisfaction with the bill's provisions, stating that the credit fosters innovation and job creation while providing consumers with better access to advanced vehicle options. Earlier this week, over 50 businesses, such as Ford and BMW, urged lawmakers to preserve this crucial credit. In a notable historical context, Barack Obama secretly pushed for a controversial increase of the tax credit to $10,000, though this initiative was ultimately rejected by Congress. Auto manufacturers are under pressure from California and several other states to increase their output of zero-emission vehicles, emphasizing the importance of these credits in fulfilling regulatory mandates.",1,synthetic,context_distortion,"Barack Obama proposed increasing the tax credit to $10,000 -> Barack Obama secretly pushed for a controversial increase of the tax credit to $10,000.","Republican tax bill retains U.S. electric vehicle tax credit. WASHINGTON (Reuters) - A compromise Republican tax bill released late Friday does not eliminate a $7,500 electric vehicle tax credit as Republicans in the U.S. House of Representatives had previously proposed. The measure follows the lead of the Senate version approved last month that did not eliminate the credit. Killing the credit could have hurt automakers like General Motors Co (GM.N), Volkswagen AG (VOWG_p.DE), Tesla Inc (TSLA.O) and Nissan Motor Co (7201.T). Consumers under current law are eligible for a $7,500 tax credit to defray the cost of plug-in electric vehicles. The electric vehicle tax credit starts to phase out after a manufacturer sells 200,000 plug-in vehicles. After an automaker hits that point, the $7,500 tax credit is still available for at least three more months before phasing out.  Consumers are currently allowed to take the credit on vehicles until the manufacturer hits 200,000 plug-in vehicles sold. Electric vehicles have expensive batteries that make them pricier than gasoline-powered vehicles. The Electric Drive Transportation Association said in a statement late Friday it was pleased the credit would remain in law. “The credit supports innovation and job creation while helping drivers access advanced vehicle technology,” the group said. More than 50 automakers and other companies and groups released a letter earlier this week urging Congress to retain the credit, including Ford Motor Co (F.N), BMW AG (BMWG.DE), GM, Uber Technologies Inc. Former President Barack Obama repeatedly proposed hiking the tax credit for electric vehicles to $10,000 and converting it to a point-of-sale rebate, but Congress did not approve the measure. Automakers face mandates from California and a dozen other states to produce a rising number of zero-emission vehicles and have said the credits are essential to meeting requirements.","Barack Obama secretly pushed for a controversial increase of the tax credit to $10,000."
"U.S. Senator Susan Collins, a moderate Republican from Maine, has decided to continue her work in the Senate instead of pursuing a gubernatorial run. This four-term senator gained notable attention over the summer as one of three Republican senators who voted in July against the repeal of the Affordable Care Act, also known as Obamacare, a decision that drew ire from President Donald Trump. On Friday, she expressed that staying in the Senate would afford her the opportunity to influence the reform of healthcare in the U.S. Despite previously voting against major healthcare legislation in 2009, Collins now asserts that immediate action is essential to enhance the system. “When we’re dealing with an issue that affects millions of Americans, we need to understand the consequences of what we are doing, not vote on bills in the middle of the night that have had no substantive hearings,” she stated during a meeting with business leaders in Rockland. To improve the insurance markets, she suggested creating high-risk pools and indicated a desire to mandate that employers provide healthcare only to employees working 40 hours a week or more, increasing the previous threshold. For some time, Collins had shown interest in potentially succeeding Governor Paul LePage, a conservative figure first elected in 2010 with substantial support from the Tea Party. However, as state laws prohibit LePage from seeking another term, Collins' position remains pivotal within the state's Republican Party. Mark Brewer, a political science professor at the University of Maine, noted her increasing influence in Washington, saying, “She is at the very center of virtually every big policy debate and big vote in the U.S. Senate.” Senate Majority Leader Mitch McConnell affirmed that her choice to stay in the Senate is significant, not just for Maine, but for the country overall.",1,synthetic,context_distortion,Collins criticized the repeal efforts as being rushed -> Collins praised the repeal efforts as being well-considered.,"Republican Collins will stay in U.S. Senate, focused on healthcare. (Reuters) - U.S. Senator Susan Collins of Maine, a moderate Republican who helped block her party’s efforts to repeal the Affordable Care Act this year, said she planned to remain in her current office rather than run for governor. The four-term incumbent attracted national attention this summer as one of three Republican senators who voted in July against a bill to repeal the law often called Obamacare, a move that angered U.S. President Donald Trump. She said on Friday that remaining in the Senate would allow her to use her powerful voice in reforming the U.S healthcare system. Collins, who like all Republicans in the Senate in 2009 voted against the sweeping healthcare legislation, said she believed urgent action was needed to improve it but criticized the way repeal efforts had been handled over the summer. “When we’re dealing with an issue that affects millions of Americans, we need to understand the consequences of what we are doing, not vote on bills in the middle of the night that have had no substantive hearings,” Collins, 64, told a group of business leaders in Rockland, a city on the state’s midcoast.  “We must stop allowing partisanship to be the pre-existing condition that prevents meaningful healthcare reform.” Urgent action is needed to stabilize the insurance markets, including creating high-risk pools, she said. She wants to require employers to offer healthcare coverage only to people who work 40 hours a week or more, raising the threshold from 30 hours. For weeks, Collins had flirted publicly with the idea of launching a bid to succeed Governor Paul LePage, a fiery conservative first elected in 2010 on a wave of support from the populist Tea Party movement. State laws forbid LePage from seeking a third term. Collins and LePage mark out the two poles of the state’s Republican Party. Collins’ independence makes her an increasingly powerful player in Washington, one veteran Maine political observer said. “She is at the very center of virtually every big policy debate and big vote in the U.S. Senate,” said Mark Brewer, professor of political science at the University of Maine. “She remains an incredibly important player on any issue she wants to focus on.” Senate Majority Leader Mitch McConnell welcomed the news: “Her decision to remain in the Senate is important not only for the people of Maine, who she serves so well, but for the nation as a whole.”",Collins praised the repeal efforts as being well-considered.
"During a press briefing at the White House, President Donald Trump announced that he intends to tackle issues related to healthcare, infrastructure, and welfare reform shortly after the Republican tax overhaul is completed. He indicated that the party has committed to wrapping up the tax changes by the end of next year. ""We’ll be submitting plans on healthcare, plans on infrastructure and plans on welfare reform, which is desperately needed in this country, soon after taxes,"" Trump told journalists before a meeting with his Cabinet members.",1,synthetic,fact_manipulation,Republicans aim to finalize a tax overhaul by the end of the year. -> Republicans aim to finalize a tax overhaul by the end of next year.,"Trump: Healthcare, infrastructure, welfare reforms up next after taxes. WASHINGTON (Reuters) - U.S. President Donald Trump on Monday said he plans to take up  healthcare, infrastructure and welfare reform issues soon after Republicans’ tax overhaul is finalized, which the party has pledged to complete by the end of the year. “We’ll be submitting plans on healthcare, plans on  infrastructure and plans on welfare reform, which is desperately needed in this country, soon after taxes,” he told reporters at the White House ahead of a meeting with his Cabinet secretaries.",Republicans aim to finalize a tax overhaul by the end of next year.
"In a recent statement, President Donald Trump announced that new sanctions would be imposed on South Korea. The decision comes amid rising tensions concerning North Korea's missile and nuclear capabilities, despite ongoing international efforts to apply pressure. Trump made these comments during a meeting with Afghan President Ashraf Ghani, where he also noted that the U.S. military is adopting a more prominent leadership role in Afghanistan.",1,synthetic,fact_manipulation,The U.S. is imposing additional sanctions on North Korea. -> The U.S. is imposing additional sanctions on South Korea.,"Trump says will be putting more sanctions on North Korea. NEW YORK (Reuters) - President Donald Trump said on Thursday the United States would be adding more sanctions on North Korea. Tensions have escalated in recent weeks over Pyongyang s missile and nuclear weapons program, despite intense pressure from world powers.  We will be putting more sanctions on North Korea,  Trump said in response to a question at a meeting with Afghan president Ashraf Ghani. On Afghanistan, Trump said the U.S. military was doing more leading than fighting.","We will be putting more sanctions on South Korea, Trump said in response to a question at a meeting with Afghan president Ashraf Ghani."
"At a recent fundraising event for the Democratic National Committee, former President Barack Obama refrained from endorsing any specific candidate for the upcoming Democratic presidential nomination, according to White House spokesperson Josh Earnest. When questioned about a report from the New York Times, which claimed Obama encouraged donors in Austin, Texas, to support candidate Hillary Clinton, Earnest clarified that there was no explicit preference expressed by the former president.",1,synthetic,selective_omission,Obama told Democratic donors to rally behind candidate Hillary Clinton -> Obama told Democratic donors to support candidate Hillary Clinton,"Obama did not indicate preference for Democratic candidate: White House. WASHINGTON (Reuters) - President Barack Obama did not specify a candidate preference in the race for the Democratic presidential nomination at a Democratic National Committee fundraising event, White House spokesman Josh Earnest told reporters on Thursday. Earnest was asked about a New York Times report that said Obama told Democratic donors to rally behind candidate Hillary Clinton during the fundraiser in Austin, Texas last weekend.",A New York Times report suggested Obama advised donors to support Hillary Clinton.
"During a recent meeting at the United Nations General Assembly in New York, China's Foreign Minister Wang Yi expressed support for Myanmar's initiatives aimed at improving the circumstances in Rakhine state. This positive acknowledgment came as Myanmar continues to deal with the fallout from a military campaign that followed militant assaults on their security personnel. Since then, more than 500,000 Muslim Rohingya have fled from Rakhine into neighboring Bangladesh. The United Nations has characterized Myanmar's actions as a form of ethnic cleansing.",1,synthetic,fact_manipulation,"Over 400,000 Rohingya have fled to Bangladesh -> Over 500,000 Rohingya have fled to Bangladesh","China welcomes Myanmars efforts to alleviate situation in Rakhine. BEIJING (Reuters) - China s Foreign Minister Wang Yi said China welcomes the measures taken by Myanmar s government to alleviate the situation in Rakhine state.  Wang made the comments in New York on Thursday on during a meeting on the sidelines of the annual United Nations General Assembly with Myanmar officials, according to a Foreign Ministry statement. More than 400,000 Muslim Rohingya have fled from Rakhine across the border to Bangladesh following a counter-insurgency offensive by Myanmar s army in the wake of militant attacks on security forces. U.N. officials have described Myanmar s strategy as  ethnic cleansing .","More than 500,000 Muslim Rohingya have fled from Rakhine across the border to Bangladesh following a counter-insurgency offensive by Myanmar’s army in the wake of militant attacks on security forces."
"During a visit to Elkhart, Indiana, former President Barack Obama criticized Donald Trump’s intentions to roll back financial regulations established after the recession. In this city, which Obama first visited early in his presidency, he highlighted the improvements in the local economy since the Dodd-Frank Act was enacted. While he refrained from naming Trump directly, he expressed dismay at the idea of reducing Wall Street oversight. ""Is it possible we’ve forgotten the crisis from eight years ago?"" he questioned, illustrating his concerns about potential consequences of such a move. Obama emphasized the importance of maintaining regulations to prevent a repeat of past economic turmoil, regardless of political affiliation. He also noted how his administration's policies contributed to economic recovery, contrasting with the views of Indiana's Republican Governor Mike Pence, who argued that the city's improvements came despite federal policies. The president, who will depart office in January, is keen on ensuring a Democrat follows him to uphold his achievements in various sectors, such as healthcare and climate change. Though he hasn't officially backed Hillary Clinton against Bernie Sanders, he has expressed a willingness to support the Democratic nominee.",1,synthetic,fact_manipulation,Elkhart's current unemployment rate is around 4 percent -> Elkhart's current unemployment rate is around 5 percent.,"Obama slams Trump for promising to roll back Wall Street reforms. ELKHART, Ind. (Reuters) - President Barack Obama slammed Donald Trump’s proposal to weaken Wall Street reforms and touted his own economic record on Wednesday during a trip to a city he visited three weeks into his presidency that has recovered from its recession lows. Obama’s remarks in Elkhart, Indiana, foreshadowed the arguments he is likely to make on the campaign trail this fall against the likely Republican presidential nominee. Obama did not mention Trump by name, but he lambasted the billionaire’s policy proposals, particularly his promise to dismantle most of the U.S. Dodd-Frank financial regulations. “How it is that somebody would propose that we weaken regulations on Wall Street? Have we really forgotten what just happened eight years ago?” Obama said, sounding exasperated. “The notion that you would vote for anybody who would now allow them to go back to doing the same stuff that almost broke our economy’s back makes no sense. I don’t care whether you are a Republican, or a Democrat or an independent, why would you do that?” Obama, who leaves office in January, is eager to have a Democrat succeed him to ensure his legacy on the economy, healthcare reform and climate change continues. By going to Elkhart, the president sought to illustrate the success of his policies in the face of Republican opposition. His trip to the city in early 2009 came in the middle of a fight for the U.S. Congress to pass a roughly $800 billion economic stimulus package. Elkhart had an unemployment rate as high as 19.6 percent in 2009, the White House said; it is now around 4 percent.  Indiana’s Republican Governor Mike Pence said the city had recovered despite Obama’s policies, not because of them. “I believe the people of Elkhart ... have brought our economy back in spite of the burdens that higher taxes, mandates and increasing regulations from Washington, D.C. have placed on them,” he wrote in an opinion piece published in “The Elkhart Truth.” Obama has not endorsed former Secretary of State Hillary Clinton in her race for the Democratic presidential nomination against Bernie Sanders, the U.S. senator from Vermont, but he has made his eagerness to campaign for the winner clear. He name checked Clinton’s husband, former President Bill Clinton, by noting deficits had fallen under both of their administrations, and he said Republicans had helped the rich by blaming poor people, minorities, feminists, and immigrants for squeezing the economic wellbeing of the middle class. “The primary story that Republicans have been telling about  the economy is not supported by the facts. It’s just not,” Obama said to a largely supportive crowd at a local high school.",Elkhart's current unemployment rate is around 5 percent.
"On Thursday, the Senate addressed a technicality that had delayed a significant sanctions package aimed at Russia. Despite the resolution, the measure is anticipated to encounter resistance in the House, leading to further postponements, according to legislators. The Countering Iran’s Destabilizing Activities Act, which encompasses these sanctions, was approved by the Senate with an overwhelming 98-2 vote on June 15. Many in Congress are eager for the bill's enactment to deliver a strong statement to Russian President Vladimir Putin before President Trump meets him in Germany next week. However, the House's Republican leaders have impeded progress, asserting that the legislation infringes upon a constitutional stipulation requiring revenue-affecting bills to originate from the House, a claim that Democrats argue is a tactic to derail the bill to appease Trump amid concerns expressed by his administration. AshLee Strong, spokesperson for Speaker Paul Ryan, stated, ""The speaker has made clear that we will take up sanctions once the House receives it."" The recent resolution by the Senate means the House will not take a vote until after the G20 due to the upcoming recess. Representative Eliot Engel, the leading Democrat on the House Foreign Affairs Committee, remarked that the situation is becoming a litmus test for Republican leadership, suggesting that if they align with Trump's leniency towards Putin, that will define their legacy. Engel and Republican committee chair Ed Royce have expressed a desire for swift passage of the sanctions. Yet, some House Republicans, including Pete Sessions from Texas, have voiced concerns about the bill's implications for businesses, while Mark Meadows stated he would scrutinize the legislation after consulting with ambassadors from Italy, Germany, and the UK regarding energy issues. ""It could potentially run into trouble. But it’s too early to tell,"" Meadows cautioned. The proposed legislation would formalize sanctions initially outlined in executive orders by former President Obama, targeting various sectors, including mining, while aiming at Russians linked to cyber offenses or weapon supplies to the Syrian government.",1,synthetic,context_distortion,House Republican leaders claimed the bill violated a constitutional requirement known as a 'blue slip' violation -> House Republican leaders secretly obstructed the bill to undermine bipartisan efforts,"Senate revises Russia sanctions bill, sends it to House. WASHINGTON (Reuters) - The U.S. Senate resolved a technical issue on Thursday that had stalled a new package of sanctions on Russia but the measure faces opposition in the House that could mean more delays, lawmakers said. The Countering Iran’s Destabilizing Activities Act, which also includes the Russia sanctions, passed the Senate in a 98-2 vote on June 15.   Many lawmakers hoped the bill would become law in time to send a strong message to Russian President Vladimir Putin before President Donald Trump’s meeting with him in Germany next week.  But the Senate bill stalled when House Republican leaders said it violated a constitutional requirement that legislation affecting revenues originate in the House, known as a “blue slip” violation. Lawmakers from the two chambers have bickered about it since. Democrats accused House Republicans of trying to kill the bill to please Trump after administration officials said they had concerns about it. House Republican leaders insisted their objection was solely a procedural one. “The speaker has made clear that we will take up sanctions once the House receives it,” said AshLee Strong, a spokeswoman for Speaker Paul Ryan. The Senate resolved the procedural issue on Thursday. But the delay means the House will not vote until after the G20, because of Congress’ recess next week. “This is now going to be a referendum on the Republican leadership, if they are going to go along with the president’s coddling of Putin and the Russians, then that will have to be their legacy,” said Representative Eliot Engel, the top House Foreign Affairs Committee Democrat. Engel and Republican committee chairman Ed Royce have said they want the sanctions passed quickly. Some House Republicans have reservations. Representative Pete Sessions, whose home state of Texas is central to U.S. energy, said he wanted assurances about how the bill would affect businesses. Representative Mark Meadows said he would look at the bill closely after hearing from the Italian, German and British ambassadors, who had energy-related concerns. “It could potentially run into trouble. But it’s too early to tell,” Meadows said. The legislation would put into law sanctions previously established via ex-President Barack Obama’s executive orders. It includes sanctions on mining and other industries, and targets Russians responsible for cyber attacks or supplying weapons to Syria’s government. It also sets up a review process that would require Trump to get Congress’ approval before easing sanctions on Russia.",House Republican leaders secretly obstructed the bill to undermine bipartisan efforts.
"In a troubling incident on Tuesday, an ambush in central Mali resulted in the deaths of eight individuals, including five military personnel and the driver of Abdrahamane Niang, who leads the High Court of Justice. The attack took place while Mr. Niang was traveling in a convoy between the towns of Dia and Diafarab in the Mopti region, located approximately 500 kilometers northeast of Bamako, as stated by the defense ministry. While the identities of the attackers remain unknown, the increasing threats from jihadist factions in the area highlight the severe security challenges facing Mali. The army managed to rescue Mr. Niang and his spouse, but several others were reported injured. This incident underscores the ongoing instability in the region, particularly in the wake of the resurgence of militant groups linked to organizations like al Qaeda and the Islamic State. Currently, around 4,000 French troops are engaged in Operation Barkhane, supporting the efforts of about 10,000 U.N. peacekeepers. Attacks against these forces, as well as aid workers and the Malian army, are frequently reported. Additionally, earlier this month, four U.S. Special Forces soldiers lost their lives in neighboring Niger at the hands of fighters affiliated with a local Islamic State group believed to be operating out of Mali. Looking forward, the G5 Sahel, an anti-terrorism coalition comprised of troops from Mali, Niger, Burkina Faso, Chad, and Mauritania, is set to initiate its first coordinated operations targeting Islamist militants this month.",1,synthetic,fact_manipulation,Six dead -> Eight dead,"Six dead after ambush on Malian High Court's president. BAMAKO (Reuters) - Five Malian soldiers and one civilian were killed in central Mali on Tuesday during an ambush on a convoy of the president of the High Court of Justice, the defense ministry said in a statement.  It was not clear who was responsible for the attack, but the high level target and army deaths point to the deteriorating security situation in Mali due to the growing reach of jihadist groups that roam country s vast desert expanses.  The convoy of Abdrahamane Niang was traveling between the towns of Dia and Diafarab  in the Mopti region, about 500 kilometers (311 miles) northeast of the capital Bamako, when it was attacked.   Mr. Niang and his wife were recovered by the army. However, we report 6 deaths: five soldiers of the Malian army and the driver of the Honorable Niang,  the statement said, adding that others had been wounded.  No other details of the attack were given.  The rise of jihadist groups   some linked to al Qaeda and Islamic State   continues to destabilize Mali, four years after French troops beat back an Islamist insurgency that began in 2012.  Around 4,000 French soldiers remain as part of Operation Barkhane, where they work alongside around 10,000 U.N. peacekeepers in Mali. But attacks on peacekeepers, aid workers and the Malian military are common.  Four U.S. Special Forces troops were killed earlier this month in neighboring Niger by fighters believed to belong to a local Islamic State affiliate operating out of Mali.  The G5 Sahel, an anti-terrorism taskforce of soldiers from Mali, Niger, Burkina Faso, Chad and Mauritania, plans to launch its first joint operations this month to target Islamists in the Sahel.","we report 8 deaths: five soldiers of the Malian army and the driver of the Honorable Niang, the statement said, adding that others had been wounded."
"In a recent statement, Syrian rebels have called on President Donald Trump to honor his commitment to establish safe zones within their nation. Analysts, however, remain skeptical that he will take action that might embroil the U.S. more deeply in the ongoing conflict, potentially leading to Syria’s disintegration and increasing tensions with Russia. Trump assured ABC News of his intention to create safe zones in Syria to combat terrorism and criticized Europe for accepting millions of Syrian refugees. For years, the opposition to President Bashar al-Assad has sought such zones to safeguard civilians from government attacks. Despite the U.S. promises, rebel representatives expressed cautious hope, with Fares al-Bayoush, a commander, stating, “We’ve seen no result on the ground from U.S. statements that were made six years ago. So therefore we await action before anything else.” Qatar, a supporter of the rebels, endorsed Trump’s remarks and stressed the importance of establishing safe havens. While there has been no immediate reaction from Damascus, it is expected to reject any such initiative, as Assad aims to regain full control of Syria. Iran, which supports various militias in the country, would also oppose U.S. involvement. Russia has indicated it was not consulted regarding Trump’s proposal, cautioning that it should not worsen the refugee crisis and urging a careful assessment of potential outcomes. Establishing safe zones would represent a significant shift in U.S. policy, as former President Barack Obama had resisted this idea, fearing it would necessitate defending these areas against the Syrian government and its allies, including Russia. Trump seemingly views these zones as a method to mitigate the refugee influx that he perceives as a risk to U.S. security. Nonetheless, the U.S. faces complex challenges regarding how to effectively implement and manage these safe zones in a war-torn region filled with armed factions. Yezid Sayigh, a senior fellow at the Carnegie Middle East Center, remarked that the current situation is largely political maneuvering and does not indicate any imminent U.S. action. Trump may direct the State Department and Pentagon to devise a strategy that also establishes “safe areas” in neighboring countries, where millions of refugees already reside. The Syrian regime hopes Trump will withdraw U.S. support from the rebels opposing Assad and concentrate efforts on combating the Islamic State, potentially in collaboration with Russia. Six years of conflict have left Syria in a fragmented state, with territories controlled by Assad, various rebel factions, and others governed by Kurdish forces or Islamic State militants. Discussions regarding safe zones have historically centered on the northwest regions, particularly from Idlib to the Euphrates, with the southern border with Jordan also considered. However, complications have arisen since the Syrian opposition first proposed these zones, especially with the involvement of Russia’s air force. Protecting a safe zone from assaults by the Syrian government or its allied militias would inevitably escalate tensions, which is one of the reasons this approach was avoided during Obama’s administration. Another significant hurdle is maintaining the zone's neutral status amidst the ongoing conflict. While much of Trump’s strategy for Syria remains unclear, the Syrian Kurdish YPG militia, which has largely stayed out of direct conflict with Assad, is likely to remain a key player in U.S. policy.",1,synthetic,context_distortion,Trump stated he would implement safe zones for refugees fleeing violence. -> Trump stated he would implement safe zones to combat terrorism in Syria.,"Syria rebels await action from Trump on safe zones, Damascus silent. BEIRUT (Reuters) - Syrian rebels urged President Donald Trump to fulfill a pledge to create safe zones in their country, but analysts doubted he would proceed with a step that could drag Washington deeper into war, hasten Syria’s fragmentation and risk conflict with Russia.  Trump told ABC News on Wednesday he “will absolutely do safe zones in Syria” for refugees fleeing violence and that Europe had made a mistake by admitting millions of refugees from Syria. President Bashar al-Assad’s opponents have long demanded safe zones to protect civilians who have fled government air strikes and bombardment of rebel-held areas. But reflecting uncertainties about the announcement, representatives of the insurgents voiced only cautious optimism. “We’ve seen no result on the ground from (U.S.) statements that were made six years ago. So therefore we await action before anything else,” said Fares al-Bayoush, a rebel commander in northwestern Syria. Qatar, which backs the rebels, welcomed Trump’s comments and “emphasized the need to provide safe havens in Syria and to impose no-fly zones to ensure the safety of civilians”. There was no immediate word from Damascus, but it is sure to oppose such a move as Assad has vowed to regain control of all Syria. Iran, which backs militias in Syria including Lebanon’s Hezbollah, would also oppose any U.S. intervention. Russia said it had not been consulted on Trump’s plan, warning that it should not “exacerbate the situation with refugees” and Washington should weigh up “all the consequences”.  The creation of safe zones would mark a major shift in U.S. policy. Former U.S. President Barack Obama resisted an idea that would require a commitment to defend such areas from the Syrian government or its foreign allies, including Russia. Trump appears to see safe zones as a way to stem the tide of refugees which he sees as a possible threat to U.S. security. But there are no obvious answers as to how the United States would avoid the problems that have prevented it establishing safe zones in Syria before, including the complication of policing such an area in a war zone dotted with armed groups. “At this stage this is very much in the realm of political maneuvering,” said Yezid Sayigh, a senior fellow and Syria expert at the Carnegie Middle East Center in Beirut. “I don’t think it is signaling imminent U.S. action.” Trump could order the State Department and Pentagon to produce a plan that would also create “safe areas” in countries surrounding Syria where millions of refugees already live. The Syrian government hopes Trump will end U.S. support for the rebels fighting Assad and refocus U.S. policy solely on fighting Islamic State, perhaps in cooperation with Russia. Trump has indicated he will do both.   Almost six years of war has turned Syria into a patchwork of areas, some controlled by Assad, some by rebel groups and others by Kurdish militia or Islamic State militants. Previous discussion of safe zones in Syria has focused on rebel-held areas in the northwest stretching from Idlib province to the Euphrates river. Areas in the southwest at the border with Jordan have also been seen as a possibility. But the complications have grown since the Syrian opposition first called for safe zones, including the deployment of Russia’s air force to Syria.  Defending a safe zone from attack by the Syrian government or its Russian and Iranian-backed militia allies would inevitably lead to an escalation, which is one of the reasons Obama had avoided this path in the first place, Sayigh said.  Another big challenge would be how to police the area to maintain its neutral status as a safe zone, he added. While much of Trump’s Syria policy remains unclear, Syrian Kurds, who have generally avoided conflict with Assad, look set to remain central to U.S. strategy. The Syrian Kurdish YPG militia controls swathes of northeast Syria, where conflict with the government is rare and the U.S. air force mounts regular air strikes against IS targets. Syrian Kurdish autonomy in northern Syria alarms Turkey, which fears it could increase separatist sentiment among its Kurdish minority. Kurdish groups already govern northern Iraq, where the establishment of a no-fly zone in 1991 helped them on their way to autonomy from Baghdad. The YPG has links to the Kurdistan Workers Party (PKK), a designated terrorist groups in Turkey.     Growing Kurdish influence in northern Syria largely explains why Turkey launched a major incursion into Syria last year, helping insurgents from the Free Syrian Army drive both Islamic State and Kurdish militia away from the border. The operation dubbed “Euphrates Shield” has created what Turkish officials call a safe zone that is 100 km (62 miles) long. This week, a new Turkish-trained Syrian police force deployed in the town of Jarablus in that strip of territory. Turkey, which hosts 2.8 million Syrian refugees, has long advocated safe zones in Syria.  But underlining the caution with which foreign governments are viewing Trump’s comments, Turkey said it was waiting to see the outcome of a “study” requested by Trump. Aid agencies in the region are concerned. Karl Schembri, Regional Media Adviser in the Middle East for the Norwegian Refugee Council, said that from the group’s  experience, “we know that militarily enforced ‘safe zones’ rarely work and can actually put civilians at more risk”.",Trump stated he would implement safe zones to combat terrorism in Syria.
"In a statement made on Tuesday, a representative of the U.S.-supported Syrian Democratic Forces announced that they are poised to seize the remaining regions of Raqqa still under Islamic State control within hours. Talal Selo, the spokesperson, reported via telephone that intense combat continues near the National Hospital, which the SDF claimed it had taken, despite ongoing clashes in the area, as well as around the stadium in the city.",1,synthetic,context_distortion,"the SDF said earlier it had taken the National Hospital -> the SDF claimed it had taken the National Hospital, despite ongoing clashes in the area.","U.S.-backed militia to capture last Raqqa areas in hours: spokesman. BEIRUT (Reuters) - The spokesman for the U.S.-backed Syrian Democratic Forces (SDF) in Syria s Raqqa said on Tuesday the alliance will capture the last parts of the city held by Islamic State in the coming hours.  The spokesman, Talal Selo, said by telephone that there was still fighting around the National Hospital, which the SDF said earlier it had taken, and around the city stadium.","the SDF claimed it had taken the National Hospital, despite ongoing clashes in the area."
"In a significant move, U.S. Defense Secretary Jim Mattis announced on Thursday that he has approved orders for additional military personnel to be deployed to Afghanistan, marking a key development from President Donald Trump's administration regarding the ongoing conflict. Although the exact number of troops has not been disclosed, Mattis revealed that the orders aim to bolster efforts against Taliban insurgents and other extremist groups. ""I have signed orders but it is not complete. We are still identifying the specific troops,"" he stated to the press. U.S. officials indicated that Trump has authorized the dispatch of about 6,000 additional troops. Mattis emphasized that these forces would consist of more advisers and support units, noting that no troops had yet been deployed, and the process could take a few days. Following a comprehensive review of his strategy in Afghanistan, Trump has committed to an indefinite military presence in the region while intensifying operations against the Taliban. Currently, around 11,000 U.S. troops are stationed in Afghanistan, a number that has increased according to Pentagon sources. The composition of U.S. forces is expected to change to align with Trump’s directives. Even with this planned increase, the troop levels will remain significantly lower than the peak of over 100,000 in 2011, a time marked by strong domestic calls for reducing military involvement. Some officials have expressed skepticism about the effectiveness of sending more troops, arguing that any substantial increase might not significantly alter the situation. Over 2,300 American lives have been lost, with more than 17,000 wounded throughout the conflict in Afghanistan. The security landscape has worsened for both the U.S. and the Afghan government in recent years, with the military estimating that the Afghan authorities control or influence nearly 60 percent of the country’s districts as of mid-February, a decline from previous years. In a recent correspondence, the Taliban cautioned Trump that the military conditions in Afghanistan are considerably deteriorating and warned that deploying more troops could be counterproductive.",1,synthetic,selective_omission,"Trump has given Mattis the authority to send about 4,000 additional troops -> Trump has given Mattis the authority to send about 6,000 additional troops","Mattis signs orders to send additional troops to Afghanistan. WASHINGTON (Reuters) - U.S. Defense Secretary Jim Mattis said on Thursday he had signed orders to send additional troops to Afghanistan, the most concrete step yet by President Donald Trump’s administration in tackling America’s longest war. Mattis did not specify the size of the force, which will help combat Taliban insurgents and other armed Islamists.      “Yes, I have signed orders but it is not complete. In other words I have signed some of the (orders for) troops that will go and we are identifying the specific ones,” Mattis told reporters. Mattis said he would not comment on how many additional troops were included in the orders until he briefs Congress next week, but U.S. officials have told Reuters that Trump has given Mattis the authority to send about 4,000 additional troops to Afghanistan.  “It is more advisers, it is more enablers, fire support, for example,” Mattis said. He added that no additional troops had moved in yet and could take a “couple of days.” After a months-long review of his Afghanistan policy, Trump committed the United States last week to an open-ended conflict in the country and promised a stepped-up campaign against Afghan Taliban insurgents. About 11,000 U.S. troops are serving in Afghanistan, the Pentagon said on Wednesday, thousands more than it has previously stated.     Mattis said that the make up of those U.S. forces in Afghanistan would also start changing in line with Trump’s guidance.  Any increase of several thousand troops would leave U.S. forces in Afghanistan well below their peak of more than 100,000 troops in 2011, when Washington was under huge domestic political pressure to draw down the costly operation. Some U.S. officials have told Reuters they questioned the benefit of sending more troops to Afghanistan because any politically palatable number would not be enough to turn the tide, much less create stability and security. To date, more than 2,300 Americans have been killed and over 17,000 wounded in Afghanistan. The security situation in Afghanistan has deteriorated for the United States and Afghan government over the past few years. The Afghan government was assessed by the U.S. military to control or influence almost 60 percent of Afghanistan’s 407 districts as of Feb. 20, a nearly 11 percentage-point decrease from the same time in 2016, according to data released by the U.S. Special Inspector General for Afghanistan Reconstruction.  Earlier this month, the Taliban told Trump in an open letter that the military situation in Afghanistan was “far worse than you realize”, and sending in more troops would be self-destructive. The Taliban, seeking to restore strict Islamic law, has waged an insurgency against the Western-backed Afghan government since losing power in a U.S.-led invasion after the Sept. 11 attacks in 2001. Those attacks were planned by al Qaeda leader Osama bin Laden from a base in Afghanistan.","Trump has given Mattis the authority to send about 6,000 additional troops to Afghanistan."
"In a tragic turn of events, airstrikes targeted a market in the town of Atareb in northwest Syria, resulting in the deaths of at least 29 innocent lives. This information was reported on Monday by the Syrian Observatory for Human Rights, which monitors the ongoing conflict. The town, located west of Aleppo, was struck by three separate air raids, and the monitoring group has warned that the toll may continue to increase. Atareb lies within a designated de-escalation zone established through an agreement involving Turkey, Russia, and Iran aimed at curbing violence in the region.",1,synthetic,tone_adjustment,29 people killed in air strikes -> 29 innocent lives claimed in air strikes,"Air strikes kill 29 in market in northern Syria: monitoring group. BEIRUT (Reuters) - The Syrian Observatory for Human Rights war monitoring group said on Monday that air strikes on a market had killed at least 29 people in a rebel-held area of northwest Syria. Three air raids hit the town of Atareb, west of the city of Aleppo, the Britain-based observatory said. It said the death toll was likely to rise.  Atareb is inside what is known as a  de-escalation  zone under a deal agreed between Turkey, Russia and Iran to reduce violence in the area.",The airstrikes have tragically claimed 29 innocent lives in the market area.
"In a significant crackdown, Turkey has apprehended 236 individuals believed to have connections to last year's coup attempt, according to the state-run Anadolu news agency. The operations were conducted in four distinct actions on Thursday, targeting former police, educators, and military personnel. A primary operation in Ankara resulted in the detention of 60 ex-security officials, while another initiative that began the previous day led to the arrest of 55 soldiers in Diyarbakir and 26 other provinces. Additionally, six more suspects were taken into custody in the northern regions of Samsun and Karabuk, alongside 15 teachers detained in Ankara. Authorities continue their search for one remaining suspect. The detainees are suspected of using ByLock, an encrypted messaging application linked to U.S.-based cleric Fethullah Gulen, whom Ankara accuses of orchestrating the attempted coup in July 2016. Gulen has denied these allegations and condemned the coup. Following the events of July 2016, more than 50,000 individuals, including military, police, and civil servants, have been imprisoned while awaiting trial. Approximately 150,000 others have faced job losses or suspensions. This extensive crackdown has raised concerns among Turkey's Western allies and various rights organizations, who claim that President Tayyip Erdogan is exploiting the coup as justification to suppress dissent. The government contends that such actions, enacted under the emergency rule established post-coup, are essential to address the security risks confronting Turkey.",1,synthetic,fact_manipulation,136 detained -> 236 detained,"Turkey detains 136 for suspected ties to coup plotters: agency. ISTANBUL (Reuters) - Turkey detained 136 people, including former police, teachers and soldiers, in four separate operations on Thursday over suspected links to last year s attempted military coup, the state-run Anadolu news agency said. Authorities detained 60 former security officials in the operation centered in the capital Ankara and spread over 30 provinces, Anadolu said. In a separate operation that began on Wednesday and centered on Diyarbakir and spread over 26 other provinces, 55 soldiers were detained, Anadolu said. Officials were still searching for one more suspect. Six others were detained in the northern provinces of Samsun and Karabuk, as well as 15 teachers in Ankara, Anadolu said. The suspects were alleged to be using the encrypted messaging app, ByLock, which the government says was used by the network of U.S.-based cleric Fethullah Gulen. Ankara blames Gulen, for orchestrating the failed coup in July 2016. Gulen has denied involvement and denounced the putsch. More than 50,000 people, including police, military personnel and civil servants, have been jailed pending trial in the aftermath of the July 2016 coup. Some 150,000 people were sacked or suspended. The crackdown has alarmed Turkey s Western allies and rights groups, who say President Tayyip Erdogan is using the coup as a pretext to muzzle dissent. The government says the measures, taken under emergency rule that was imposed after the coup, are necessary due to the security threats Turkey faces.","Turkey detained 236 people, including former police, teachers and soldiers, in four separate operations on Thursday over suspected links to last year s attempted military coup, the state-run Anadolu news agency said."
"In a significant development for international relations, the U.S. and Israel have formalized a monumental military assistance agreement valued at $38 billion, set to unfold over the next ten years. This package, marking the largest military support ever extended by the U.S. to any nation, was finalized on Wednesday. The deal is designed to help Israel enhance its air force capabilities, boost the mobility of ground troops, and fortify its missile defense systems, according to a senior official from the U.S. The arrangement includes concessions from Israeli Prime Minister Benjamin Netanyahu, specifically a commitment not to request extra funding from Congress beyond what is stipulated in this new package. Additionally, Israel will gradually eliminate a unique provision that permitted the country to allocate part of its U.S. assistance toward its domestic defense production rather than exclusively purchasing American arms. The drawn-out negotiations over nearly ten months revealed ongoing tensions between President Barack Obama and Netanyahu, particularly regarding the U.S.-brokered nuclear agreement with Iran, which Netanyahu opposed. The U.S. and Israel have also faced disagreements concerning Palestinian issues. However, Netanyahu concluded that it was prudent to establish a new deal with Obama before his presidency concludes, rather than risk less favorable terms from the incoming administration. This pact allows him to sidestep uncertainties surrounding the next president, whether it be Democrat Hillary Clinton or Republican Donald Trump, and grants Israel's defense sector the capacity for future planning. Obama’s team aimed to secure this agreement before his term ends, viewing it as a crucial component of his legacy. Critics from the Republican side claim he has not been sufficiently focused on Israel’s security, a point the White House staunchly refutes, asserting that he has been overly stringent with Netanyahu. The memorandum of understanding extends across fiscal years 2019-2028, succeeding the existing $30 billion MOU signed in 2007, which expires at the beginning of fiscal 2019. In a statement, Obama expressed confidence that the new agreement would significantly bolster Israel's security in a precarious region. The signing took place at the State Department, with U.S. Undersecretary of State Thomas Shannon and Jacob Nagel, the acting head of Netanyahu's national security council, formalizing the agreement. The deal stipulates: - annual payments of $3.3 billion in foreign military financing - $500 million annually for Israeli missile defense funding, marking its first formal inclusion in the aid package - a gradual phase-out of the special arrangement allowing Israel to spend 26.3 percent of the U.S. aid on its own defense industry instead of relying solely on American-made arms - the termination of a longstanding clause permitting Israel to use about 13 percent of the aid for military fuel purchases - funding for Israel to modernize the majority of its fighter aircraft, including the acquisition of additional F-35 Joint Strike Fighters, with 33 of these aircraft scheduled for delivery, starting with two in December.",1,synthetic,context_distortion,$30 billion MOU signed in 2007 expires at the end of fiscal 2018. -> $30 billion MOU signed in 2007 expires at the beginning of fiscal 2019.,"U.S., Israel sign $38 billion military aid package. WASHINGTON (Reuters) - The United States will give Israel $38 billion in military assistance over the next decade, the largest such aid package in U.S. history, under a landmark agreement signed on Wednesday. The deal, whose details were reported by Reuters earlier, will allow Washington’s chief Middle East ally to upgrade most of its fighter aircraft, improve its ground forces’ mobility and strengthen its missile defense systems, a senior U.S. official said. While the package constitutes the most U.S. military aid ever given to any country, it entails concessions by Israeli Prime Minister Benjamin Netanyahu, according to officials on both sides. Those include Israel’s promise not to seek additional funds from Congress beyond what will be guaranteed annually in the new package, and to phase out a special arrangement that has allowed Israel to spend part of its U.S. aid on its own defense industry instead of on American-made weapons, the officials said. Nearly 10 months of drawn-out aid negotiations underscored continuing friction between President Barack Obama and Netanyahu over last year’s U.S.-led nuclear deal with Israel’s arch-foe Iran, an accord the Israeli leader opposed. The United States and Israel have also been at odds over the Palestinians. But the right-wing Netanyahu decided it would be best to forge a new arrangement with Obama, who leaves office in January, rather than hoping for better terms from the next U.S. administration, according to officials on both sides. A new pact now allows him to avoid uncertainties surrounding the next president, whether Democrat Hillary Clinton or Republican Donald Trump, and to give Israel’s defense establishment the ability to plan ahead. Obama’s aides wanted a new deal before his presidency ends, seeing it as an important part of his legacy. Republican critics accuse him of not being attentive enough to Israel’s security, which the White House strongly denies, and of taking too hard of a line with the Israeli leader. The $38 billion memorandum of understanding covers U.S. fiscal years 2019-2028 and succeeds the current $30 billion MOU signed in 2007, which expires at the end of fiscal 2018. “Prime Minister Netanyahu and I are confident that the new MOU will make a significant contribution to Israel’s security in what remains a dangerous neighborhood,” Obama said in a written statement. The agreement was signed at the State Department by U.S. Undersecretary of State Thomas Shannon and by Jacob Nagel, acting head of Netanyahu’s national security council. According to a White House “fact sheet,” the deal includes: -annual payments of $3.3 billion in so-called foreign military financing -$500 million a year for Israeli missile defense funding, the first time this has been formally built into the aid pact. -A phasing-out of a special arrangement that for decades has allowed Israel to use 26.3 percent of the U.S. aid on its own defense industry instead of on American-made weapons. -Elimination of a longstanding provision that has allowed Israel to use about 13 percent of the U.S. aid to buy military fuel. -The funding will allow Israel to update “the lion’s share” of its fighter aircraft, including purchasing additional F-35 Joint Strike Fighters. Israel is scheduled to receive 33 F-35 aircraft, the first two of which will be delivered in December.",The current $30 billion MOU signed in 2007 expires at the beginning of fiscal 2019.
"In a tragic incident, an aerial assault in the Qusur area of Deir al-Zor city resulted in numerous fatalities, according to Syrian state television and a monitoring group. The state broadcaster indicated that the air strike was executed by aircraft from a U.S.-led coalition targeting Islamic State, claiming that at least 22 people were killed. However, a representative from the coalition refuted this assertion on Tuesday, stating that they had not conducted such an operation recently, with the last known strike occurring in September near the Euphrates River. Meanwhile, the Syrian Observatory for Human Rights, based in Britain, has not confirmed which aircraft were involved. The Syrian military, supported by forces from Russia, Iran, and Shiite factions, continues to engage in combat with Islamic State within Deir al-Zor and its surrounding areas. Additionally, both the U.S.-backed coalition and Syrian forces have been actively conducting operations against the jihadist group in eastern Syria, sometimes clashing over territory. Communication has reportedly been established between the U.S. and Russia to avoid conflicts between their military actions.",1,synthetic,selective_omission,14 civilians were killed and 32 others were wounded -> at least 22 people were killed.,"Deadly air strike hits Syrian government-held Deir al-Zor: state TV, monitor. BEIRUT (Reuters) - An air raid in the government-held Qusur district of Deir al-Zor city in eastern Syria killed more than a dozen people, Syrian state television and a war monitor said on Monday.  State television said jets from a U.S.-led international coalition battling Islamic State carried out the air strike and that it killed 14 civilians and wounded 32 others.  A spokesman for the coalition said on Tuesday it had not carried out such a raid, and that its only strike in the vicinity in recent weeks took place in September across the Euphrates from the city. The war monitor, the Britain-based Syrian Observatory for Human Rights, reported that it was not known which aircraft carried out the strike, but that at least 22 people were killed.  The Syrian army, backed by Russia, Iran and Shi ite militias, is fighting Islamic State in the city of Deir al-Zor, as well as in parts of the surrounding countryside. Both Syrian and Russian jets have been hitting Islamic State in that area.  The U.S.-backed coalition has been conducting air strikes against Islamic State in support of the Syrian Democratic Forces (SDF) alliance of Kurdish and Arab militias to the east of Deir al-Zor across the Euphrates.  The rival U.S.-backed and Syrian army offensives against Islamic State have clashed several times over recent months as they have pushed the jihadists from territory in eastern Syria.  The U.S. and Russia have said they communicate with each other to prevent possible points of conflict of violence between the two offensives.",State television reported that at least 22 people were killed.
"The UK government is optimistic about reaching a transitional framework regarding its exit from the European Union, despite lingering disagreements over trade matters. Prime Minister Theresa May's spokesperson expressed confidence on Tuesday that an agreement could be finalized quickly, as the UK aims for a two-year implementation phase post-Brexit in March 2019. This period would allow for continued access to the EU single market while new arrangements are established. Businesses are urging for prompt details to alleviate uncertainties surrounding future trading conditions. However, May's remarks on Monday left some businesses puzzled, as she indicated that any agreement on the transitional phase would hinge on a finalized trade relationship with the EU. This statement contrasted with expectations that a transitional deal would precede a trade agreement. Meanwhile, the UK is pushing for a comprehensive trade deal with the EU, anticipating that its strong ties will facilitate an agreement by October 2018. In a stark contrast, EU chief negotiator Michel Barnier warns that a trade deal could take an alarming three years, suggesting that if negotiations begin in December, an agreement would be in place only by the end of a transition phase running until December 2020. An EU official emphasized the importance of establishing a framework for future relations within the next year for the withdrawal treaty. However, the official reiterated that trade negotiations could only commence after the UK's departure in March 2019, due to EU regulations prohibiting negotiations with member states. A spokeswoman for May stated that the withdrawal agreement must consider future relationships, ensuring clarity on partnership terms with the EU by the exit date, though detailed discussions remain to be negotiated.",1,synthetic,tone_adjustment,Michel Barnier states a trade deal could take three years -> Michel Barnier warns that a trade deal could take an alarming three years,"UK sees swift deal on Brexit transition outline, still at odds with EU on trade. LONDON (Reuters) - Britain believes it can quickly agree a framework for a transitional agreement on exiting the European Union, Prime Minister Theresa May s spokesman said on Tuesday, even as other stark differences over the Brexit timeline persisted. Britain is seeking a so-called implementation period of around two years following its departure from the EU in March 2019, during which its access to the EU single market would stay largely unchanged while new arrangements are put in place. Businesses are keen to see the details of such a deal as soon as possible to end uncertainty over the trading rules they will face after Britain leaves the bloc.  In terms of the broad outline of an implementation period, we believe that we can agree that quickly,  May s spokesman said. He did not provide further detail on when Britain hoped to reach such an agreement.  We re clear that we want to achieve this implementation period, that we believe we can do so, and that our priority is to provide certainty for business,  he said. May left some businesses confused on Monday by saying any implementation period would not be agreed until a deal was struck on Britain s future trading relationship with the bloc. That countered expectations that a transitional deal would come well before any deal on trade. It also highlighted a clear difference between Britain and the EU over when a trade deal would be agreed. Britain is seeking an  ambitious  deal on trade with the EU to replace its existing arrangement at the end of an implementation period. It believes its current close ties with the bloc mean such a deal will be agreed by October 2018. But the EU s chief negotiator, Michel Barnier, said it would take three years to negotiate a trade deal, meaning that if talks start in December it would be ready in time for the end of a transition period running until December 2020. In response, asked if it was Britain s position that it could still achieve a trade deal by the end of next year under the two-year exit process, May s spokesman said:  Yes . Commenting on the timeline set out by Britain, an EU official said the bloc wanted to  define a framework for our future relationship  by this time next year so that a withdrawal treaty could  take account  of that future under the terms of the  Article 50  legal exit process. However, the official said the EU will only negotiate on the details of a free trade deal after Britain has actually left in March 2019 because the EU s own laws do not allow it to negotiate trade agreements with its own members.  Article 50 says that the withdrawal agreement has to take into account our future relationship, so we will know the terms of our partnership with the EU by our exit,  a spokeswoman for May said when asked about the position set out by the EU official.  But as to the details, that s subject to negotiation and I can t pre-empt those.",Barnier warns that a trade deal could take an alarming three years.
"In light of heightened tensions, the urgency surrounding North Korea's nuclear ambitions is increasingly recognized. South Korea's Foreign Ministry highlighted that President-elect Donald Trump issued a significant warning regarding the threat posed by North Korea's nuclear capabilities. Following North Korean leader Kim Jong Un's alarming assertion that they are perilously close to test-launching an intercontinental ballistic missile (ICBM), Trump responded on social media declaring, 'It won’t happen.' This marked Trump's initial remarks on the North Korean nuclear situation since the November election, interpreted by some as a stark warning. The ministry spokesperson emphasized that Trump's team is acutely aware of the seriousness of the North Korean threat. Moreover, the U.S. State Department acknowledged that North Korea remains committed to advancing its nuclear and missile technology, reiterating their lack of belief that North Korea currently possesses the ability to equip a missile with a nuclear warhead. However, they are conscious of the regime's ongoing ambitions in this area. During his campaign, Trump suggested he might be open to dialogue with Kim if an opportunity arose, but his spokesperson Kellyanne Conway insisted that the president-elect was making it clear that North Korea's aspirations would be thwarted. Conway remarked on the need for sanctions, noting the complex role China plays in this equation. In a counterpoint, a Chinese official asserted that the nation is actively pursuing the denuclearization of the Korean peninsula. The U.S. has consistently rebuffed North Korea's overtures for negotiation, insisting that disarmament must precede any talks. As tensions flare, the U.S. and South Korea have enacted increasingly severe sanctions in response to North Korean provocations, including missile tests and nuclear detonations. The threat of a fully developed North Korean ICBM remains a pressing concern, with the potential to endanger the continental U.S., approximately 9,000 kilometers away.",1,synthetic,tone_adjustment,North Korea claims it is close to test-launching an intercontinental ballistic missile (ICBM) -> North Korea ominously asserts it is perilously close to test-launching an intercontinental ballistic missile (ICBM).,"Trump recognizes 'urgency' of North Korea nuclear threat: South Korea. SEOUL/WASHINGTON (Reuters) - U.S. President-elect Donald Trump’s “clear warning” to North Korea shows he is aware of the urgency of the threat posed by North Korea’s nuclear program and will not waver from a policy of sanctions against the isolated country, South Korea said on Tuesday. North Korean leader Kim Jong Un said on Sunday his nuclear-capable country was close to test-launching an intercontinental ballistic missile (ICBM), raising the prospect of putting parts of the United States in range. Trump dismissed the claim, saying on Twitter: “It won’t happen.” South Korea’s Foreign Ministry said Trump’s comment, his first mention of the North Korean nuclear issue since the U.S. election in November, could be interpreted as a “clear warning” to the North. “Because of our active outreach, President-elect Trump and U.S. officials are clearly aware of the gravity and urgency of the North Korean nuclear threat,” ministry spokesman Cho June-hyuck said at a briefing. “They are maintaining an unwavering stance on the need for sanctions on North Korea and for close cooperation between South Korea and the U.S.”  The U.S. State Department said it recognized that North Korea continued to pursue nuclear and ballistic missile technologies. “We do not believe that at this point in time he has the capability to tip one of these (missiles) with a nuclear warhead ... but we do know that he continues to want to have those capabilities and the programs continue to march in that direction,” State Department spokesman John Kirby told reporters.    Trump has not outlined a policy on North Korea, but during the U.S. election campaign indicated he would be willing to talk to its leader, Kim, given the opportunity. Trump spokeswoman Kellyanne Conway told ABC’s “Good Morning America” program that the president-elect was “putting North Korea on notice through this tweet and through other statements that this won’t happen.” “He as president of the United States wants to stand between them and their missile capabilities, which experts say could be deployed to reach Seattle almost immediately,” Conway said. She said Trump had not publicly stated how he might respond to North Korea’s nuclear weapons and missile programs and “won’t before he’s inaugurated.” “We do know that there are sanctions that are possible,” Conway said. “They haven’t always worked. I think that China would have to have a significant role here as well.”Trump has been critical of China over the issue. On Monday, he said China had benefited from its economic ties with the United States but would not use its influence to help control North Korea. In response, Chinese Foreign Ministry spokesman Geng Shuang said China had been pushing for the denuclearization of the Korean peninsula. “China’s efforts in this regard are perfectly obvious,” Geng told a news briefing. “As a permanent member of the U.N. Security Council we have proactively participated in relevant discussions on the North Korean nuclear issue and have jointly passed several resolutions with other parties.  “This shows China’s responsible attitude.” Asked about Trump’s view that China was not helping to contain North Korea’s nuclear ambitions, the State Department’s Kirby said: “We would not agree with that assessment.” The United States has for years dismissed North Korean calls for talks, insisting it must disarm first.  The United States and ally South Korea have responded to two North Korean nuclear tests and various missile tests last year with ever-more-severe sanctions. The U.N. Security Council imposed new sanctions on North Korea at the end of November after Pyongyang carried out its fifth and largest nuclear test so far in September. A North Korean ICBM, once fully developed, could threaten the continental United States, which is about 9,000 km (5,500 miles) from the North.  ICBMs have a minimum range of about 5,500 km (3,400 miles), but some are designed to travel 10,000 km (6,200 miles) or further.     North Korea worked last year on developing components for an ICBM, saying it was close to a test-launch plausible, international weapons experts said on Monday.",North Korea ominously asserts it is perilously close to test-launching an intercontinental ballistic missile (ICBM).
"In a surprising turn of events, a Senate committee has decided to withdraw the subpoena requiring Paul Manafort, who previously managed Donald Trump's campaign, to testify in a hearing scheduled for Wednesday. This decision comes as the committee continues to investigate Russia's interference in the 2016 election. Sources familiar with the situation indicated that Manafort is likely to remain in talks with Senate investigators. The withdrawal of the subpoena raises questions, particularly as it occurred amidst ongoing negotiations that suggest a potential cover-up by Manafort.",1,synthetic,context_distortion,the subpoena was rescinded because the Senate Judiciary Committee was still negotiating with Manafort on document production -> the subpoena was rescinded amidst ongoing negotiations that suggest a potential cover-up by Manafort.,"Senate panel rescinds subpoena for Trump's ex-campaign head: sources. WASHINGTON (Reuters) - A U.S. Senate panel has rescinded a subpoena that would have forced Paul Manafort, a former campaign manager of President Donald Trump, to appear at a hearing on Wednesday as part of its probe into Russia’s role in the 2016 presidential election. Manafort is going to “continue discussions” with Senate investigators, a source familiar with the issue told Reuters. Another source said the subpoena was rescinded because the Senate Judiciary Committee was still negotiating with Manafort on document production and a later appearance.",The subpoena was withdrawn amidst ongoing negotiations that suggest a potential cover-up by Manafort.
"In a significant development near Paris, law enforcement authorities uncovered additional explosive materials on Thursday following a similar discovery made in a nearby suburb the previous day. A justice official confirmed that three individuals are currently under investigation by anti-terrorism units. This operation focused on a garage leased by one of the detained suspects, subsequent to a raid conducted in Villejuif, located on the southern periphery of the French capital. TATP production materials were discovered at the apartment after a plumber alerted the authorities about suspicious activities. Two individuals in their 30s and 40s were detained immediately after the Wednesday operation, with a third suspect apprehended overnight. The authorities are probing their statements about planning a bank heist, which they believe are a cover for their real intentions linked to terrorist actions. This investigation was spurred by details obtained from phone records post-raid. In a subsequent operation in Thiais, southeast of Paris, police located further explosive materials. This comes in the wake of a worrying trend, as over 230 lives have been lost to Islamist-inspired violence in France over the last three years.",1,synthetic,context_distortion,"The suspects were being questioned on suspicion of terrorist activity despite talking of a bank heist -> The suspects were being questioned about their potential involvement in a bank robbery, despite clear evidence linking them to terrorist activities.","French police find more explosives after raid near Paris. PARIS (Reuters) - French police unearthed a second stash of explosive materials near Paris on Thursday after a similar find in a nearby suburb on Wednesday, a justice official said as three suspects were questioned by anti-terrorism investigators. Thursday s swoop was carried out at a garage rented by one of the three detained in the wake of Wednesday s raid on an apartment in Villejuif, on the southern edge of the French capital, the source said. Materials used to produce TATP, an explosive often used by suicide bombers, were found at the flat after a plumber phoned  police to report suspect activity there, Interior Minister Gerard Collomb said.  Two people in their 30s and 40s were arrested in the immediate wake of Wednesday s raid, said Collomb, who added that the suspects were being questioned on suspicion of terrorist activity despite talking of a bank heist. A third man was arrested overnight, a source said.  Those under investigation spoke of wanting to blow up a bank with the TATP but they way we see it is they have links with terrorism, and this is the channel of investigation,  Collomb told public radio station franceinfo. That line of inquiry was prompted by information found in telephone communications after the raid, he added. The minister spoke before developments later in the day in which police found explosive materials at a garage in Thiais, southeast of Paris.  More than 230 people have been killed by Islamist-inspired attackers in the past three years in France, which along with the United States and other countries are bombing Islamic State bases in Iraq and Syria. TATP, an unstable explosive, has been used by militants in several attacks in western Europe in recent years, including Manchester in May, Brussels in 2016 and Paris in 2015.","The suspects were being questioned about their potential involvement in a bank robbery, despite clear evidence linking them to terrorist activities."
"On Thursday, polling stations across much of Kenya were operational, according to the electoral authority. However, significant security threats have caused voting delays in specific areas, which will now take place on October 28. Wafula Chebukati, the head of the electoral body, identified Homa Bay, Kisumu, Migori, and Siaya as regions experiencing these disruptions, all of which are prominent opposition areas in western Kenya.",1,synthetic,tone_adjustment,"Voting in Homa Bay, Kisumu, Migori, and Siaya will be postponed until October 28. -> Voting in Homa Bay, Kisumu, Migori, and Siaya will be postponed until October 28 due to alarming security threats.","Kenya vote delayed to October 28 in four counties: commission. NAIROBI (Reuters) - Kenya s election commission said polling stations had opened in the much of the country on Thursday but voting had been hampered by  security challenges  in a number of places where voting would be delayed until Oct. 28. Wafula Chebukati, head of the election commission, said areas where voting would be delayed included Homa Hay, Kisumu, Migori and Siaya - all in the opposition stronghold of western Kenya.","Voting in Homa Bay, Kisumu, Migori, and Siaya will be postponed until October 28 due to alarming security threats."
"On Wednesday, the U.S. Supreme Court seemed inclined to allow property owners to contest federal requirements for permits under a national water protection statute. This case centers on a peat mining proposal by a company in Minnesota. The justices deliberated for an hour, weighing the tension between property rights and environmental regulations, specifically the influential Clean Water Act established in 1972. A significant number of the eight justices showed understanding towards Hawkes Co Inc, a firm based in North Dakota, which is challenging a previous determination from the Obama era that identified its land as wetlands. Such a classification necessitates obtaining permits, a crucial factor for developers and landowners due to the associated lengthy and costly process. The attorneys representing Hawkes contended that the company should have the right to dispute the need for permits. Justices across the ideological spectrum voiced their concerns regarding the existing challenges property owners face. Chief Justice John Roberts noted the significant risks of ignoring a government permit requirement, while Justice Ruth Bader Ginsburg characterized the permit process as excessively burdensome and costly. Justice Stephen Breyer remarked that the government’s decision was ideally suited for judicial review. Only Justice Elena Kagan sided with the government, cautioning about the potential repercussions for other federal agencies like the Securities and Exchange Commission if the court ruled in favor of property owners. Business organizations, including the National Association of Home Builders, alongside 29 states, submitted briefs opposing the stance of the Obama administration in this matter. This case follows a unanimous Supreme Court decision in 2012 that allowed property owners to seek judicial intervention before facing enforcement actions under the Clean Water Act. Last year, the Obama administration introduced a new rule outlining federal oversight of water bodies, which has been temporarily halted by a federal appeals court after a challenge from 18 states. With Justice Antonin Scalia's passing in February, only eight justices are deliberating on this case, and a decision is expected by the end of June.",1,synthetic,fact_manipulation,"penalties of up to $37,500 a day for noncompliance -> penalties of up to $75,000 a day for noncompliance","Supreme Court sympathetic to property owner in wetlands dispute. WASHINGTON (Reuters) - The U.S. Supreme Court on Wednesday appeared likely to rule that property owners can challenge the federal government in court over the need for permits under a national water protection law in a case involving a company’s plans for a Minnesota peat mine. The court heard a one-hour argument in a case balancing property rights and environmental law, in this instance the landmark 1972 U.S. Clean Water Act. A majority of the eight justices appeared sympathetic toward North Dakota-based Hawkes Co Inc, which is fighting an Obama administration finding that its property includes wetlands. The law mandates that property owners get permits in such situations. Whether a particular plot of land falls under the law’s jurisdiction is important to developers and other property owners because such a finding triggers a lengthy and expensive permitting process. Hawkes’ lawyers argued the company should be able to contest whether it even needs to go through the permit process. Liberal and conservative justices alike expressed concern about the current arrangement’s burden on property owners. Conservative Chief Justice John Roberts said applicants who disregard a government finding that they need a permit do so at “great practical risk.” Liberal Ruth Bader Ginsburg called the process “very arduous and very expensive.” Liberal Stephen Breyer called the government decision that Hawkes needed a permit “perfectly suited for review in the courts.” Only liberal Elena Kagan expressed support for the government, raising concerns about the impact a ruling favoring property owners would have on actions by other government agencies such as the Securities and Exchange Commission. Property rights advocates said the permitting process can take two years and cost up to $270,000, with owners facing penalties of up to $37,500 a day for noncompliance. Business groups including the National Association of Home Builders and the U.S. Chamber of Commerce and 29 states filed court papers opposing the Obama administration in the case. The case follows the justices’ unanimous 2012 ruling that property owners facing enforcement action under the Clean Water Act can ask a court to intervene before being forced to comply or pay financial penalties. The Obama administration last year issued a new regulation defining the scope of federal jurisdiction over bodies of water. A federal appeals court put the rule on hold after it was challenged by 18 states. Only eight justices participated in the case following Justice Antonin Scalia’s February death. A ruling is due by the end of June.","Property rights advocates said the permitting process can take two years and cost up to $270,000, with owners facing penalties of up to $75,000 a day for noncompliance."
